item_no,item_ctg1,item_ctg2,item_amt
1,ctg_2,sub_ctg_33,34500.0
2,ctg_1,sub_ctg_37,21100.0
3,ctg_3,sub_ctg_30,72100.0
4,ctg_3,sub_ctg_29,61000.0
5,ctg_4,sub_ctg_34,14500.0
6,ctg_3,sub_ctg_9,44500.0
7,ctg_1,sub_ctg_32,33700.0
8,ctg_0,sub_ctg_31,381800.0
9,ctg_2,sub_ctg_8,20100.0
10,ctg_3,sub_ctg_22,40300.0
11,ctg_3,sub_ctg_23,37600.0
12,ctg_1,sub_ctg_37,21700.0
13,ctg_3,sub_ctg_4,50000.0
14,ctg_4,sub_ctg_12,21200.0
15,ctg_3,sub_ctg_4,53300.0
16,ctg_1,sub_ctg_17,39800.0
17,ctg_3,sub_ctg_27,34800.0
18,ctg_3,sub_ctg_30,67800.0
19,ctg_2,sub_ctg_1,25100.0
20,ctg_2,sub_ctg_3,4900.0
21,ctg_3,sub_ctg_21,55500.0
22,ctg_3,sub_ctg_30,67000.0
23,ctg_2,sub_ctg_18,26400.0
24,ctg_2,sub_ctg_26,63200.0
25,ctg_3,sub_ctg_24,59900.0
26,ctg_3,sub_ctg_23,32200.0
27,ctg_0,sub_ctg_25,323500.0
28,ctg_2,sub_ctg_3,12200.0
29,ctg_1,sub_ctg_37,21800.0
30,ctg_4,sub_ctg_7,56000.0
31,ctg_3,sub_ctg_29,58700.0
32,ctg_3,sub_ctg_5,91700.0
33,ctg_3,sub_ctg_9,38500.0
34,ctg_0,sub_ctg_31,386400.0
35,ctg_2,sub_ctg_28,29100.0
36,ctg_2,sub_ctg_8,21800.0
37,ctg_3,sub_ctg_13,68500.0
38,ctg_3,sub_ctg_4,47000.0
39,ctg_3,sub_ctg_23,36800.0
40,ctg_2,sub_ctg_3,5200.0
41,ctg_3,sub_ctg_5,90900.0
42,ctg_3,sub_ctg_30,73200.0
43,ctg_3,sub_ctg_23,34300.0
44,ctg_0,sub_ctg_25,326700.0
45,ctg_1,sub_ctg_15,34800.0
46,ctg_3,sub_ctg_4,47200.0
47,ctg_2,sub_ctg_3,9100.0
48,ctg_3,sub_ctg_29,62900.0
49,ctg_2,sub_ctg_0,27000.0
50,ctg_1,sub_ctg_17,35000.0
51,ctg_3,sub_ctg_5,89400.0
52,ctg_4,sub_ctg_16,13900.0
53,ctg_1,sub_ctg_17,39400.0
54,ctg_1,sub_ctg_15,33800.0
55,ctg_4,sub_ctg_7,53400.0
56,ctg_3,sub_ctg_22,42500.0
57,ctg_3,sub_ctg_21,51200.0
58,ctg_0,sub_ctg_25,324500.0
59,ctg_2,sub_ctg_8,16000.0
60,ctg_2,sub_ctg_28,28500.0
61,ctg_3,sub_ctg_13,61300.0
62,ctg_3,sub_ctg_23,35900.0
63,ctg_2,sub_ctg_28,29400.0
64,ctg_2,sub_ctg_26,61400.0
65,ctg_3,sub_ctg_5,90500.0
66,ctg_3,sub_ctg_4,48300.0
67,ctg_3,sub_ctg_24,59300.0
68,ctg_3,sub_ctg_21,48900.0
69,ctg_3,sub_ctg_29,62400.0
70,ctg_0,sub_ctg_38,799600.0
71,ctg_3,sub_ctg_21,57600.0
72,ctg_2,sub_ctg_8,17900.0
73,ctg_3,sub_ctg_29,54400.0
74,ctg_2,sub_ctg_2,129400.0
75,ctg_2,sub_ctg_28,28600.0
76,ctg_3,sub_ctg_23,33300.0
77,ctg_2,sub_ctg_2,127500.0
78,ctg_4,sub_ctg_36,24000.0
79,ctg_2,sub_ctg_2,130300.0
80,ctg_1,sub_ctg_15,33100.0
81,ctg_3,sub_ctg_22,41700.0
82,ctg_2,sub_ctg_2,128200.0
83,ctg_4,sub_ctg_20,44600.0
84,ctg_2,sub_ctg_2,131900.0
85,ctg_2,sub_ctg_2,128400.0
86,ctg_3,sub_ctg_30,72700.0
87,ctg_1,sub_ctg_17,40300.0
88,ctg_3,sub_ctg_6,55800.0
89,ctg_3,sub_ctg_27,37300.0
90,ctg_4,sub_ctg_11,118300.0
91,ctg_3,sub_ctg_21,56200.0
92,ctg_3,sub_ctg_23,36200.0
93,ctg_4,sub_ctg_16,14200.0
94,ctg_2,sub_ctg_3,6100.0
95,ctg_3,sub_ctg_27,36000.0
96,ctg_4,sub_ctg_20,38800.0
97,ctg_1,sub_ctg_15,34700.0
98,ctg_2,sub_ctg_8,12300.0
99,ctg_2,sub_ctg_18,25300.0
100,ctg_3,sub_ctg_5,100900.0
101,ctg_4,sub_ctg_11,119500.0
102,ctg_3,sub_ctg_4,52300.0
103,ctg_3,sub_ctg_22,37100.0
104,ctg_1,sub_ctg_15,35600.0
105,ctg_0,sub_ctg_31,387900.0
106,ctg_4,sub_ctg_16,16200.0
107,ctg_2,sub_ctg_26,61300.0
108,ctg_2,sub_ctg_18,32500.0
109,ctg_2,sub_ctg_3,7400.0
110,ctg_3,sub_ctg_24,66800.0
111,ctg_3,sub_ctg_4,53800.0
112,ctg_4,sub_ctg_34,15100.0
113,ctg_2,sub_ctg_3,13500.0
114,ctg_3,sub_ctg_27,31900.0
115,ctg_2,sub_ctg_26,66000.0
116,ctg_0,sub_ctg_25,324000.0
117,ctg_3,sub_ctg_24,65200.0
118,ctg_2,sub_ctg_2,130200.0
119,ctg_3,sub_ctg_23,33700.0
120,ctg_3,sub_ctg_5,89100.0
121,ctg_2,sub_ctg_28,30400.0
122,ctg_3,sub_ctg_9,39700.0
123,ctg_3,sub_ctg_23,38300.0
124,ctg_3,sub_ctg_9,37600.0
125,ctg_3,sub_ctg_30,65000.0
126,ctg_3,sub_ctg_22,38700.0
127,ctg_3,sub_ctg_5,96000.0
128,ctg_2,sub_ctg_28,35600.0
129,ctg_2,sub_ctg_2,127000.0
130,ctg_3,sub_ctg_24,58700.0
131,ctg_2,sub_ctg_26,66700.0
132,ctg_2,sub_ctg_18,27800.0
133,ctg_3,sub_ctg_4,52500.0
134,ctg_0,sub_ctg_38,793100.0
135,ctg_0,sub_ctg_25,327000.0
136,ctg_3,sub_ctg_21,51000.0
137,ctg_3,sub_ctg_9,47400.0
138,ctg_3,sub_ctg_22,38400.0
139,ctg_3,sub_ctg_21,55800.0
140,ctg_3,sub_ctg_24,59600.0
141,ctg_1,sub_ctg_32,40400.0
142,ctg_0,sub_ctg_38,791700.0
143,ctg_4,sub_ctg_11,115100.0
144,ctg_2,sub_ctg_2,130600.0
145,ctg_3,sub_ctg_13,60700.0
146,ctg_0,sub_ctg_31,386900.0
147,ctg_3,sub_ctg_30,70500.0
148,ctg_2,sub_ctg_18,25700.0
149,ctg_3,sub_ctg_23,30500.0
150,ctg_1,sub_ctg_37,19900.0
151,ctg_2,sub_ctg_18,33400.0
152,ctg_4,sub_ctg_7,51600.0
153,ctg_3,sub_ctg_13,65900.0
154,ctg_3,sub_ctg_4,46300.0
155,ctg_2,sub_ctg_8,12100.0
156,ctg_3,sub_ctg_21,52300.0
157,ctg_2,sub_ctg_2,129600.0
158,ctg_1,sub_ctg_17,34400.0
159,ctg_3,sub_ctg_27,41200.0
160,ctg_0,sub_ctg_31,385700.0
161,ctg_3,sub_ctg_22,41800.0
162,ctg_4,sub_ctg_11,117100.0
163,ctg_3,sub_ctg_24,59400.0
164,ctg_2,sub_ctg_1,25600.0
165,ctg_4,sub_ctg_11,111800.0
166,ctg_3,sub_ctg_24,62600.0
167,ctg_3,sub_ctg_22,35700.0
168,ctg_3,sub_ctg_29,54600.0
169,ctg_4,sub_ctg_20,45600.0
170,ctg_4,sub_ctg_7,47900.0
171,ctg_3,sub_ctg_29,60200.0
172,ctg_3,sub_ctg_23,34500.0
173,ctg_3,sub_ctg_27,42100.0
174,ctg_3,sub_ctg_21,47600.0
175,ctg_3,sub_ctg_29,58400.0
176,ctg_4,sub_ctg_11,118000.0
177,ctg_0,sub_ctg_31,389500.0
178,ctg_3,sub_ctg_27,34700.0
179,ctg_0,sub_ctg_14,201800.0
180,ctg_2,sub_ctg_28,34400.0
181,ctg_2,sub_ctg_3,9700.0
182,ctg_4,sub_ctg_11,121000.0
183,ctg_1,sub_ctg_17,31800.0
184,ctg_3,sub_ctg_13,59300.0
185,ctg_2,sub_ctg_28,26000.0
186,ctg_1,sub_ctg_32,41400.0
187,ctg_4,sub_ctg_11,113700.0
188,ctg_4,sub_ctg_36,28800.0
189,ctg_2,sub_ctg_18,30100.0
190,ctg_3,sub_ctg_4,47800.0
191,ctg_2,sub_ctg_28,28400.0
192,ctg_1,sub_ctg_15,29800.0
193,ctg_3,sub_ctg_24,59200.0
194,ctg_0,sub_ctg_31,390400.0
195,ctg_3,sub_ctg_30,73400.0
196,ctg_2,sub_ctg_8,13900.0
197,ctg_1,sub_ctg_15,32900.0
198,ctg_1,sub_ctg_37,20100.0
199,ctg_3,sub_ctg_9,44300.0
200,ctg_0,sub_ctg_25,326300.0
201,ctg_0,sub_ctg_25,330400.0
202,ctg_3,sub_ctg_9,42100.0
203,ctg_0,sub_ctg_31,386600.0
204,ctg_1,sub_ctg_37,20800.0
205,ctg_2,sub_ctg_0,26400.0
206,ctg_3,sub_ctg_24,62500.0
207,ctg_3,sub_ctg_27,42200.0
208,ctg_3,sub_ctg_9,38800.0
209,ctg_2,sub_ctg_33,27400.0
210,ctg_0,sub_ctg_31,383100.0
211,ctg_1,sub_ctg_15,29700.0
212,ctg_2,sub_ctg_3,10000.0
213,ctg_1,sub_ctg_32,39000.0
214,ctg_4,sub_ctg_7,51800.0
215,ctg_2,sub_ctg_18,35000.0
216,ctg_0,sub_ctg_14,200500.0
217,ctg_1,sub_ctg_32,38600.0
218,ctg_1,sub_ctg_15,30700.0
219,ctg_4,sub_ctg_16,15700.0
220,ctg_0,sub_ctg_38,808800.0
221,ctg_4,sub_ctg_11,118700.0
222,ctg_2,sub_ctg_2,132600.0
223,ctg_3,sub_ctg_30,70700.0
224,ctg_2,sub_ctg_8,16600.0
225,ctg_3,sub_ctg_22,38300.0
226,ctg_4,sub_ctg_11,110700.0
227,ctg_2,sub_ctg_33,31900.0
228,ctg_0,sub_ctg_14,199400.0
229,ctg_1,sub_ctg_17,39000.0
230,ctg_2,sub_ctg_26,64800.0
231,ctg_3,sub_ctg_22,38100.0
232,ctg_0,sub_ctg_31,386100.0
233,ctg_1,sub_ctg_17,31400.0
234,ctg_0,sub_ctg_38,802200.0
235,ctg_0,sub_ctg_31,380500.0
236,ctg_2,sub_ctg_2,129800.0
237,ctg_3,sub_ctg_9,38900.0
238,ctg_4,sub_ctg_11,112200.0
239,ctg_3,sub_ctg_22,45600.0
240,ctg_3,sub_ctg_22,39500.0
241,ctg_4,sub_ctg_11,113500.0
242,ctg_3,sub_ctg_23,36600.0
243,ctg_4,sub_ctg_11,113200.0
244,ctg_0,sub_ctg_14,201500.0
245,ctg_4,sub_ctg_10,68200.0
246,ctg_1,sub_ctg_17,34200.0
247,ctg_0,sub_ctg_25,329500.0
248,ctg_3,sub_ctg_24,62300.0
249,ctg_4,sub_ctg_11,116500.0
250,ctg_3,sub_ctg_9,46200.0
251,ctg_3,sub_ctg_23,30100.0
252,ctg_1,sub_ctg_17,32600.0
253,ctg_4,sub_ctg_11,119000.0
254,ctg_2,sub_ctg_2,133100.0
255,ctg_2,sub_ctg_3,6900.0
256,ctg_1,sub_ctg_15,34400.0
257,ctg_3,sub_ctg_21,46300.0
258,ctg_2,sub_ctg_8,17300.0
259,ctg_2,sub_ctg_2,127400.0
260,ctg_3,sub_ctg_30,74600.0
261,ctg_3,sub_ctg_5,96400.0
262,ctg_2,sub_ctg_1,25200.0
263,ctg_2,sub_ctg_18,34100.0
264,ctg_3,sub_ctg_13,60800.0
265,ctg_0,sub_ctg_38,795100.0
266,ctg_1,sub_ctg_17,37400.0
267,ctg_2,sub_ctg_28,25200.0
268,ctg_3,sub_ctg_5,90600.0
269,ctg_2,sub_ctg_2,132800.0
270,ctg_4,sub_ctg_11,116300.0
271,ctg_3,sub_ctg_9,39200.0
272,ctg_3,sub_ctg_29,62100.0
273,ctg_2,sub_ctg_3,10400.0
274,ctg_1,sub_ctg_15,27300.0
275,ctg_2,sub_ctg_8,20900.0
276,ctg_2,sub_ctg_0,26200.0
277,ctg_1,sub_ctg_15,27900.0
278,ctg_2,sub_ctg_3,6700.0
279,ctg_3,sub_ctg_27,34200.0
280,ctg_2,sub_ctg_1,26200.0
281,ctg_0,sub_ctg_25,327200.0
282,ctg_4,sub_ctg_35,66600.0
283,ctg_2,sub_ctg_1,26100.0
284,ctg_2,sub_ctg_8,12500.0
285,ctg_1,sub_ctg_17,35700.0
286,ctg_2,sub_ctg_2,125400.0
287,ctg_0,sub_ctg_31,383400.0
288,ctg_1,sub_ctg_32,37900.0
289,ctg_0,sub_ctg_14,201100.0
290,ctg_2,sub_ctg_3,6600.0
291,ctg_3,sub_ctg_5,98000.0
292,ctg_3,sub_ctg_29,60900.0
293,ctg_1,sub_ctg_17,31300.0
294,ctg_3,sub_ctg_27,35400.0
295,ctg_3,sub_ctg_27,40600.0
296,ctg_2,sub_ctg_3,6500.0
297,ctg_0,sub_ctg_31,382500.0
298,ctg_2,sub_ctg_2,131200.0
299,ctg_3,sub_ctg_9,38200.0
300,ctg_2,sub_ctg_18,29600.0
301,ctg_4,sub_ctg_20,38700.0
302,ctg_2,sub_ctg_18,35400.0
303,ctg_3,sub_ctg_4,52100.0
304,ctg_0,sub_ctg_25,326400.0
305,ctg_3,sub_ctg_23,37900.0
306,ctg_3,sub_ctg_9,40700.0
307,ctg_3,sub_ctg_27,32500.0
308,ctg_3,sub_ctg_22,39400.0
309,ctg_3,sub_ctg_30,71600.0
310,ctg_2,sub_ctg_8,16500.0
311,ctg_4,sub_ctg_34,14900.0
312,ctg_1,sub_ctg_17,37900.0
313,ctg_3,sub_ctg_21,47700.0
314,ctg_4,sub_ctg_12,20000.0
315,ctg_2,sub_ctg_2,128700.0
316,ctg_0,sub_ctg_25,321400.0
317,ctg_3,sub_ctg_22,37900.0
318,ctg_3,sub_ctg_4,48600.0
319,ctg_2,sub_ctg_26,66400.0
320,ctg_3,sub_ctg_5,91900.0
321,ctg_1,sub_ctg_32,34500.0
322,ctg_3,sub_ctg_5,93400.0
323,ctg_3,sub_ctg_24,57700.0
324,ctg_3,sub_ctg_22,36700.0
325,ctg_4,sub_ctg_35,63700.0
326,ctg_0,sub_ctg_25,330200.0
327,ctg_1,sub_ctg_15,32300.0
328,ctg_1,sub_ctg_15,30100.0
329,ctg_2,sub_ctg_33,32600.0
330,ctg_2,sub_ctg_3,12400.0
331,ctg_2,sub_ctg_2,133000.0
332,ctg_2,sub_ctg_3,10800.0
333,ctg_0,sub_ctg_25,323800.0
334,ctg_2,sub_ctg_3,13100.0
335,ctg_3,sub_ctg_5,90300.0
336,ctg_2,sub_ctg_3,14900.0
337,ctg_2,sub_ctg_26,64700.0
338,ctg_3,sub_ctg_21,52700.0
339,ctg_3,sub_ctg_23,30800.0
340,ctg_1,sub_ctg_17,33000.0
341,ctg_3,sub_ctg_27,38200.0
342,ctg_3,sub_ctg_22,41600.0
343,ctg_3,sub_ctg_4,55200.0
344,ctg_2,sub_ctg_28,32700.0
345,ctg_2,sub_ctg_3,5100.0
346,ctg_4,sub_ctg_16,16000.0
347,ctg_4,sub_ctg_11,119600.0
348,ctg_0,sub_ctg_25,322700.0
349,ctg_1,sub_ctg_32,37500.0
350,ctg_3,sub_ctg_29,55600.0
351,ctg_3,sub_ctg_29,61200.0
352,ctg_3,sub_ctg_5,93500.0
353,ctg_2,sub_ctg_28,25600.0
354,ctg_2,sub_ctg_28,25700.0
355,ctg_4,sub_ctg_11,119900.0
356,ctg_4,sub_ctg_16,14400.0
357,ctg_0,sub_ctg_25,326500.0
358,ctg_2,sub_ctg_18,32400.0
359,ctg_0,sub_ctg_14,205200.0
360,ctg_2,sub_ctg_2,135900.0
361,ctg_2,sub_ctg_3,13900.0
362,ctg_3,sub_ctg_21,54000.0
363,ctg_4,sub_ctg_11,113100.0
364,ctg_1,sub_ctg_17,30200.0
365,ctg_3,sub_ctg_22,40900.0
366,ctg_3,sub_ctg_30,69700.0
367,ctg_2,sub_ctg_3,13300.0
368,ctg_3,sub_ctg_24,65800.0
369,ctg_3,sub_ctg_9,46500.0
370,ctg_3,sub_ctg_5,94700.0
371,ctg_3,sub_ctg_5,95100.0
372,ctg_3,sub_ctg_5,99400.0
373,ctg_1,sub_ctg_17,30800.0
374,ctg_3,sub_ctg_21,47900.0
375,ctg_3,sub_ctg_27,32800.0
376,ctg_3,sub_ctg_21,53900.0
377,ctg_2,sub_ctg_18,30600.0
378,ctg_3,sub_ctg_29,61900.0
379,ctg_3,sub_ctg_27,32600.0
380,ctg_3,sub_ctg_5,95800.0
381,ctg_3,sub_ctg_5,89800.0
382,ctg_3,sub_ctg_4,46400.0
383,ctg_3,sub_ctg_9,46700.0
384,ctg_3,sub_ctg_21,53600.0
385,ctg_3,sub_ctg_5,98500.0
386,ctg_3,sub_ctg_24,63000.0
387,ctg_3,sub_ctg_5,98300.0
388,ctg_4,sub_ctg_36,24600.0
389,ctg_3,sub_ctg_22,46400.0
390,ctg_0,sub_ctg_38,796100.0
391,ctg_2,sub_ctg_18,35300.0
392,ctg_2,sub_ctg_3,7500.0
393,ctg_2,sub_ctg_8,12600.0
394,ctg_4,sub_ctg_11,118400.0
395,ctg_3,sub_ctg_23,35400.0
396,ctg_2,sub_ctg_2,134400.0
397,ctg_0,sub_ctg_31,389400.0
398,ctg_3,sub_ctg_30,65500.0
399,ctg_3,sub_ctg_30,75000.0
400,ctg_3,sub_ctg_5,99500.0
401,ctg_3,sub_ctg_5,97100.0
402,ctg_3,sub_ctg_5,95300.0
403,ctg_3,sub_ctg_5,97800.0
404,ctg_3,sub_ctg_24,58900.0
405,ctg_2,sub_ctg_2,129500.0
406,ctg_0,sub_ctg_31,387700.0
407,ctg_2,sub_ctg_28,26100.0
408,ctg_3,sub_ctg_24,57800.0
409,ctg_2,sub_ctg_28,26500.0
410,ctg_4,sub_ctg_11,111400.0
411,ctg_2,sub_ctg_8,21700.0
412,ctg_2,sub_ctg_3,15000.0
413,ctg_1,sub_ctg_32,41900.0
414,ctg_1,sub_ctg_37,21400.0
415,ctg_2,sub_ctg_3,15100.0
416,ctg_3,sub_ctg_22,46900.0
417,ctg_3,sub_ctg_30,69100.0
418,ctg_1,sub_ctg_15,29400.0
419,ctg_3,sub_ctg_24,61000.0
420,ctg_4,sub_ctg_20,41600.0
421,ctg_3,sub_ctg_5,92100.0
422,ctg_3,sub_ctg_13,66900.0
423,ctg_3,sub_ctg_22,40400.0
424,ctg_3,sub_ctg_9,39500.0
425,ctg_3,sub_ctg_9,40500.0
426,ctg_4,sub_ctg_36,26400.0
427,ctg_4,sub_ctg_7,50200.0
428,ctg_2,sub_ctg_2,133800.0
429,ctg_0,sub_ctg_31,387400.0
430,ctg_3,sub_ctg_4,49200.0
431,ctg_2,sub_ctg_33,27100.0
432,ctg_3,sub_ctg_30,68300.0
433,ctg_3,sub_ctg_21,52900.0
434,ctg_2,sub_ctg_3,8400.0
435,ctg_0,sub_ctg_31,387600.0
436,ctg_4,sub_ctg_11,120200.0
437,ctg_4,sub_ctg_11,111600.0
438,ctg_0,sub_ctg_38,791800.0
439,ctg_3,sub_ctg_6,52800.0
440,ctg_2,sub_ctg_0,26600.0
441,ctg_2,sub_ctg_33,34900.0
442,ctg_2,sub_ctg_8,13500.0
443,ctg_1,sub_ctg_32,42800.0
444,ctg_2,sub_ctg_2,132700.0
445,ctg_2,sub_ctg_28,26200.0
446,ctg_2,sub_ctg_2,129300.0
447,ctg_3,sub_ctg_13,64700.0
448,ctg_3,sub_ctg_30,65300.0
449,ctg_3,sub_ctg_30,75800.0
450,ctg_2,sub_ctg_18,32200.0
451,ctg_3,sub_ctg_13,68600.0
452,ctg_1,sub_ctg_17,35200.0
453,ctg_3,sub_ctg_9,41700.0
454,ctg_2,sub_ctg_1,26500.0
455,ctg_3,sub_ctg_5,94000.0
456,ctg_4,sub_ctg_16,14800.0
457,ctg_2,sub_ctg_33,35100.0
458,ctg_3,sub_ctg_9,38000.0
459,ctg_4,sub_ctg_11,116700.0
460,ctg_2,sub_ctg_28,32900.0
461,ctg_3,sub_ctg_4,51200.0
462,ctg_0,sub_ctg_25,322500.0
463,ctg_2,sub_ctg_2,135100.0
464,ctg_3,sub_ctg_21,50400.0
465,ctg_1,sub_ctg_15,32700.0
466,ctg_3,sub_ctg_22,40700.0
467,ctg_4,sub_ctg_7,53800.0
468,ctg_2,sub_ctg_3,8200.0
469,ctg_3,sub_ctg_24,59700.0
470,ctg_0,sub_ctg_38,791500.0
471,ctg_1,sub_ctg_17,34300.0
472,ctg_3,sub_ctg_21,47400.0
473,ctg_3,sub_ctg_30,71000.0
474,ctg_3,sub_ctg_30,71500.0
475,ctg_1,sub_ctg_17,40400.0
476,ctg_3,sub_ctg_5,97500.0
477,ctg_3,sub_ctg_5,96500.0
478,ctg_2,sub_ctg_3,14400.0
479,ctg_4,sub_ctg_11,111300.0
480,ctg_4,sub_ctg_34,15200.0
481,ctg_3,sub_ctg_5,92600.0
482,ctg_1,sub_ctg_17,35100.0
483,ctg_2,sub_ctg_8,22600.0
484,ctg_2,sub_ctg_3,13700.0
485,ctg_3,sub_ctg_27,41300.0
486,ctg_2,sub_ctg_3,7900.0
487,ctg_4,sub_ctg_35,60300.0
488,ctg_3,sub_ctg_22,43200.0
489,ctg_1,sub_ctg_15,31100.0
490,ctg_2,sub_ctg_28,26600.0
491,ctg_0,sub_ctg_31,389900.0
492,ctg_3,sub_ctg_24,58100.0
493,ctg_3,sub_ctg_9,44400.0
494,ctg_2,sub_ctg_33,33300.0
495,ctg_3,sub_ctg_27,35600.0
496,ctg_2,sub_ctg_19,28700.0
497,ctg_1,sub_ctg_17,36900.0
498,ctg_3,sub_ctg_22,37300.0
499,ctg_3,sub_ctg_5,96200.0
500,ctg_4,sub_ctg_34,15000.0
501,ctg_3,sub_ctg_29,56600.0
502,ctg_3,sub_ctg_23,36500.0
503,ctg_2,sub_ctg_18,31000.0
504,ctg_3,sub_ctg_27,39800.0
505,ctg_1,sub_ctg_32,37600.0
506,ctg_1,sub_ctg_15,30300.0
507,ctg_3,sub_ctg_27,40900.0
508,ctg_0,sub_ctg_38,805400.0
509,ctg_2,sub_ctg_8,12800.0
510,ctg_3,sub_ctg_30,66000.0
511,ctg_2,sub_ctg_33,34100.0
512,ctg_2,sub_ctg_18,33800.0
513,ctg_1,sub_ctg_17,31700.0
514,ctg_2,sub_ctg_28,28900.0
515,ctg_1,sub_ctg_17,35900.0
516,ctg_3,sub_ctg_4,51000.0
517,ctg_3,sub_ctg_27,38700.0
518,ctg_3,sub_ctg_4,48800.0
519,ctg_3,sub_ctg_5,98200.0
520,ctg_2,sub_ctg_8,21500.0
521,ctg_2,sub_ctg_26,62500.0
522,ctg_3,sub_ctg_30,73700.0
523,ctg_2,sub_ctg_3,14200.0
524,ctg_3,sub_ctg_4,51400.0
525,ctg_2,sub_ctg_18,32100.0
526,ctg_2,sub_ctg_3,14500.0
527,ctg_3,sub_ctg_27,33200.0
528,ctg_4,sub_ctg_36,29500.0
529,ctg_3,sub_ctg_30,73000.0
530,ctg_3,sub_ctg_30,69600.0
531,ctg_3,sub_ctg_13,61900.0
532,ctg_2,sub_ctg_28,34600.0
533,ctg_3,sub_ctg_9,41300.0
534,ctg_3,sub_ctg_9,40300.0
535,ctg_3,sub_ctg_13,62200.0
536,ctg_2,sub_ctg_18,33000.0
537,ctg_3,sub_ctg_5,96900.0
538,ctg_2,sub_ctg_8,18900.0
539,ctg_3,sub_ctg_23,35000.0
540,ctg_0,sub_ctg_38,795700.0
541,ctg_2,sub_ctg_1,26600.0
542,ctg_1,sub_ctg_15,28500.0
543,ctg_1,sub_ctg_32,43800.0
544,ctg_1,sub_ctg_17,33500.0
545,ctg_2,sub_ctg_28,30800.0
546,ctg_2,sub_ctg_8,13000.0
547,ctg_2,sub_ctg_3,10600.0
548,ctg_0,sub_ctg_38,805300.0
549,ctg_2,sub_ctg_3,7000.0
550,ctg_2,sub_ctg_0,26700.0
551,ctg_3,sub_ctg_30,70600.0
552,ctg_4,sub_ctg_36,33800.0
553,ctg_3,sub_ctg_22,46100.0
554,ctg_3,sub_ctg_5,99100.0
555,ctg_1,sub_ctg_15,34900.0
556,ctg_3,sub_ctg_27,33400.0
557,ctg_3,sub_ctg_23,30600.0
558,ctg_0,sub_ctg_25,322000.0
559,ctg_0,sub_ctg_25,324200.0
560,ctg_3,sub_ctg_9,40100.0
561,ctg_3,sub_ctg_24,61200.0
562,ctg_3,sub_ctg_21,56600.0
563,ctg_3,sub_ctg_5,95200.0
564,ctg_2,sub_ctg_1,26800.0
565,ctg_3,sub_ctg_23,38900.0
566,ctg_4,sub_ctg_34,15300.0
567,ctg_3,sub_ctg_23,32100.0
568,ctg_2,sub_ctg_19,29100.0
569,ctg_3,sub_ctg_23,34600.0
570,ctg_3,sub_ctg_27,39100.0
571,ctg_3,sub_ctg_22,40200.0
572,ctg_1,sub_ctg_17,32700.0
573,ctg_3,sub_ctg_9,39300.0
574,ctg_3,sub_ctg_21,56400.0
575,ctg_3,sub_ctg_13,67000.0
576,ctg_4,sub_ctg_16,15100.0
577,ctg_4,sub_ctg_11,116100.0
578,ctg_3,sub_ctg_23,32500.0
579,ctg_2,sub_ctg_18,33700.0
580,ctg_3,sub_ctg_30,69000.0
581,ctg_4,sub_ctg_36,25500.0
582,ctg_1,sub_ctg_15,26600.0
583,ctg_4,sub_ctg_36,26100.0
584,ctg_3,sub_ctg_4,51600.0
585,ctg_1,sub_ctg_32,36900.0
586,ctg_3,sub_ctg_22,42600.0
587,ctg_2,sub_ctg_3,14000.0
588,ctg_2,sub_ctg_3,9200.0
589,ctg_4,sub_ctg_11,120900.0
590,ctg_2,sub_ctg_1,26300.0
591,ctg_4,sub_ctg_16,14700.0
592,ctg_3,sub_ctg_9,43800.0
593,ctg_3,sub_ctg_21,53500.0
594,ctg_1,sub_ctg_17,33300.0
595,ctg_3,sub_ctg_9,41800.0
596,ctg_3,sub_ctg_24,59000.0
597,ctg_4,sub_ctg_11,111100.0
598,ctg_2,sub_ctg_18,30300.0
599,ctg_3,sub_ctg_21,48700.0
600,ctg_3,sub_ctg_5,92900.0
601,ctg_3,sub_ctg_4,47400.0
602,ctg_2,sub_ctg_28,30700.0
603,ctg_0,sub_ctg_38,789500.0
604,ctg_3,sub_ctg_27,34100.0
605,ctg_3,sub_ctg_5,98600.0
606,ctg_1,sub_ctg_15,35500.0
607,ctg_3,sub_ctg_30,68900.0
608,ctg_3,sub_ctg_23,31300.0
609,ctg_2,sub_ctg_8,16300.0
610,ctg_3,sub_ctg_23,32900.0
611,ctg_3,sub_ctg_21,49500.0
612,ctg_1,sub_ctg_32,42400.0
613,ctg_0,sub_ctg_38,806300.0
614,ctg_3,sub_ctg_13,63100.0
615,ctg_3,sub_ctg_22,36600.0
616,ctg_3,sub_ctg_27,35200.0
617,ctg_0,sub_ctg_31,380300.0
618,ctg_3,sub_ctg_23,31400.0
619,ctg_2,sub_ctg_28,26700.0
620,ctg_2,sub_ctg_3,12000.0
621,ctg_3,sub_ctg_13,67600.0
622,ctg_3,sub_ctg_22,44700.0
623,ctg_0,sub_ctg_38,794900.0
624,ctg_3,sub_ctg_24,67100.0
625,ctg_2,sub_ctg_28,32000.0
626,ctg_3,sub_ctg_13,60100.0
627,ctg_2,sub_ctg_2,128000.0
628,ctg_3,sub_ctg_23,30700.0
629,ctg_3,sub_ctg_4,55700.0
630,ctg_2,sub_ctg_18,35200.0
631,ctg_0,sub_ctg_25,327400.0
632,ctg_0,sub_ctg_38,808700.0
633,ctg_3,sub_ctg_30,71300.0
634,ctg_4,sub_ctg_7,55100.0
635,ctg_3,sub_ctg_21,54100.0
636,ctg_4,sub_ctg_11,120100.0
637,ctg_4,sub_ctg_36,28100.0
638,ctg_4,sub_ctg_36,32100.0
639,ctg_3,sub_ctg_21,49700.0
640,ctg_3,sub_ctg_5,91600.0
641,ctg_3,sub_ctg_4,46200.0
642,ctg_3,sub_ctg_24,58800.0
643,ctg_3,sub_ctg_24,58500.0
644,ctg_0,sub_ctg_38,797000.0
645,ctg_3,sub_ctg_9,47300.0
646,ctg_3,sub_ctg_9,44600.0
647,ctg_4,sub_ctg_11,120400.0
648,ctg_3,sub_ctg_22,36500.0
649,ctg_2,sub_ctg_0,26800.0
650,ctg_2,sub_ctg_3,12800.0
651,ctg_3,sub_ctg_4,46500.0
652,ctg_3,sub_ctg_30,69200.0
653,ctg_3,sub_ctg_27,33100.0
654,ctg_3,sub_ctg_30,66100.0
655,ctg_2,sub_ctg_8,13400.0
656,ctg_3,sub_ctg_24,62800.0
657,ctg_3,sub_ctg_5,89300.0
658,ctg_3,sub_ctg_23,34900.0
659,ctg_1,sub_ctg_15,25500.0
660,ctg_1,sub_ctg_15,27000.0
661,ctg_0,sub_ctg_25,324300.0
662,ctg_3,sub_ctg_22,38000.0
663,ctg_1,sub_ctg_15,33300.0
664,ctg_4,sub_ctg_11,118900.0
665,ctg_2,sub_ctg_18,27400.0
666,ctg_2,sub_ctg_28,33700.0
667,ctg_2,sub_ctg_8,13800.0
668,ctg_3,sub_ctg_13,63700.0
669,ctg_1,sub_ctg_37,22000.0
670,ctg_3,sub_ctg_24,59500.0
671,ctg_3,sub_ctg_30,75600.0
672,ctg_0,sub_ctg_31,383900.0
673,ctg_4,sub_ctg_36,31200.0
674,ctg_2,sub_ctg_28,31400.0
675,ctg_3,sub_ctg_22,48100.0
676,ctg_2,sub_ctg_28,27100.0
677,ctg_3,sub_ctg_22,41100.0
678,ctg_2,sub_ctg_18,27200.0
679,ctg_0,sub_ctg_31,389100.0
680,ctg_1,sub_ctg_15,29500.0
681,ctg_3,sub_ctg_24,64200.0
682,ctg_3,sub_ctg_24,65600.0
683,ctg_4,sub_ctg_20,40000.0
684,ctg_1,sub_ctg_32,38000.0
685,ctg_3,sub_ctg_22,36300.0
686,ctg_1,sub_ctg_17,32500.0
687,ctg_3,sub_ctg_13,69200.0
688,ctg_4,sub_ctg_11,111500.0
689,ctg_3,sub_ctg_9,42700.0
690,ctg_0,sub_ctg_31,389300.0
691,ctg_1,sub_ctg_17,36200.0
692,ctg_3,sub_ctg_5,89500.0
693,ctg_3,sub_ctg_9,44700.0
694,ctg_0,sub_ctg_31,384700.0
695,ctg_3,sub_ctg_29,57100.0
696,ctg_3,sub_ctg_9,43100.0
697,ctg_1,sub_ctg_15,28200.0
698,ctg_4,sub_ctg_16,13800.0
699,ctg_2,sub_ctg_18,30000.0
700,ctg_0,sub_ctg_38,795000.0
701,ctg_3,sub_ctg_21,51500.0
702,ctg_4,sub_ctg_12,20900.0
703,ctg_2,sub_ctg_18,31400.0
704,ctg_2,sub_ctg_33,29600.0
705,ctg_0,sub_ctg_25,325300.0
706,ctg_3,sub_ctg_27,37700.0
707,ctg_2,sub_ctg_33,32100.0
708,ctg_3,sub_ctg_30,71800.0
709,ctg_3,sub_ctg_13,60200.0
710,ctg_0,sub_ctg_31,383700.0
711,ctg_3,sub_ctg_21,46600.0
712,ctg_0,sub_ctg_25,328300.0
713,ctg_3,sub_ctg_24,67000.0
714,ctg_3,sub_ctg_23,36100.0
715,ctg_2,sub_ctg_8,14500.0
716,ctg_3,sub_ctg_29,61700.0
717,ctg_2,sub_ctg_2,130800.0
718,ctg_3,sub_ctg_13,59900.0
719,ctg_3,sub_ctg_23,31200.0
720,ctg_4,sub_ctg_11,112400.0
721,ctg_2,sub_ctg_3,10300.0
722,ctg_2,sub_ctg_8,19500.0
723,ctg_4,sub_ctg_35,60000.0
724,ctg_3,sub_ctg_27,41100.0
725,ctg_1,sub_ctg_17,38400.0
726,ctg_3,sub_ctg_5,97300.0
727,ctg_3,sub_ctg_22,45100.0
728,ctg_0,sub_ctg_25,330300.0
729,ctg_2,sub_ctg_18,25800.0
730,ctg_3,sub_ctg_9,45700.0
731,ctg_1,sub_ctg_37,21300.0
732,ctg_3,sub_ctg_21,55000.0
733,ctg_3,sub_ctg_5,95600.0
734,ctg_2,sub_ctg_18,35900.0
735,ctg_0,sub_ctg_38,806000.0
736,ctg_1,sub_ctg_15,35100.0
737,ctg_3,sub_ctg_9,46900.0
738,ctg_3,sub_ctg_29,63400.0
739,ctg_3,sub_ctg_4,55600.0
740,ctg_3,sub_ctg_24,60600.0
741,ctg_3,sub_ctg_24,58300.0
742,ctg_3,sub_ctg_21,52800.0
743,ctg_2,sub_ctg_33,30700.0
744,ctg_0,sub_ctg_38,798000.0
745,ctg_3,sub_ctg_9,42500.0
746,ctg_3,sub_ctg_24,61700.0
747,ctg_3,sub_ctg_5,99200.0
748,ctg_0,sub_ctg_31,389000.0
749,ctg_1,sub_ctg_15,29600.0
750,ctg_2,sub_ctg_2,130000.0
751,ctg_3,sub_ctg_21,56100.0
752,ctg_4,sub_ctg_36,25200.0
753,ctg_2,sub_ctg_8,18300.0
754,ctg_0,sub_ctg_31,386200.0
755,ctg_0,sub_ctg_25,322200.0
756,ctg_4,sub_ctg_7,54900.0
757,ctg_2,sub_ctg_28,26300.0
758,ctg_2,sub_ctg_28,32100.0
759,ctg_3,sub_ctg_23,35800.0
760,ctg_3,sub_ctg_24,64700.0
761,ctg_3,sub_ctg_22,39100.0
762,ctg_1,sub_ctg_17,32100.0
763,ctg_3,sub_ctg_5,93000.0
764,ctg_3,sub_ctg_21,54200.0
765,ctg_2,sub_ctg_2,133900.0
766,ctg_3,sub_ctg_21,52200.0
767,ctg_3,sub_ctg_24,65300.0
768,ctg_1,sub_ctg_17,39600.0
769,ctg_2,sub_ctg_2,125900.0
770,ctg_3,sub_ctg_30,75200.0
771,ctg_2,sub_ctg_8,17200.0
772,ctg_0,sub_ctg_31,389600.0
773,ctg_2,sub_ctg_33,29800.0
774,ctg_3,sub_ctg_9,41000.0
775,ctg_3,sub_ctg_5,95400.0
776,ctg_4,sub_ctg_36,30600.0
777,ctg_2,sub_ctg_33,32800.0
778,ctg_3,sub_ctg_30,65800.0
779,ctg_3,sub_ctg_21,55100.0
780,ctg_2,sub_ctg_28,34800.0
781,ctg_2,sub_ctg_0,26300.0
782,ctg_1,sub_ctg_37,22100.0
783,ctg_3,sub_ctg_24,57300.0
784,ctg_1,sub_ctg_15,29100.0
785,ctg_4,sub_ctg_11,114700.0
786,ctg_2,sub_ctg_8,18400.0
787,ctg_2,sub_ctg_8,20200.0
788,ctg_2,sub_ctg_3,5900.0
789,ctg_3,sub_ctg_23,29700.0
790,ctg_1,sub_ctg_15,25100.0
791,ctg_1,sub_ctg_32,41200.0
792,ctg_2,sub_ctg_18,34000.0
793,ctg_2,sub_ctg_2,126600.0
794,ctg_3,sub_ctg_30,74400.0
795,ctg_3,sub_ctg_29,60100.0
796,ctg_4,sub_ctg_34,16000.0
797,ctg_0,sub_ctg_31,390300.0
798,ctg_2,sub_ctg_8,16800.0
799,ctg_2,sub_ctg_3,7700.0
800,ctg_1,sub_ctg_32,42000.0
801,ctg_3,sub_ctg_27,36300.0
802,ctg_3,sub_ctg_24,66100.0
803,ctg_3,sub_ctg_4,55000.0
804,ctg_2,sub_ctg_8,19800.0
805,ctg_2,sub_ctg_18,33200.0
806,ctg_1,sub_ctg_15,34500.0
807,ctg_2,sub_ctg_3,15200.0
808,ctg_2,sub_ctg_2,134900.0
809,ctg_3,sub_ctg_29,57900.0
810,ctg_3,sub_ctg_9,38400.0
811,ctg_0,sub_ctg_25,321600.0
812,ctg_3,sub_ctg_27,38900.0
813,ctg_1,sub_ctg_32,39900.0
814,ctg_2,sub_ctg_26,59900.0
815,ctg_2,sub_ctg_18,26700.0
816,ctg_3,sub_ctg_21,50800.0
817,ctg_2,sub_ctg_18,25500.0
818,ctg_3,sub_ctg_23,29900.0
819,ctg_2,sub_ctg_28,31900.0
820,ctg_3,sub_ctg_24,57000.0
821,ctg_2,sub_ctg_19,29800.0
822,ctg_1,sub_ctg_15,26900.0
823,ctg_3,sub_ctg_27,37100.0
824,ctg_4,sub_ctg_7,50700.0
825,ctg_4,sub_ctg_11,116200.0
826,ctg_4,sub_ctg_36,24900.0
827,ctg_3,sub_ctg_27,35800.0
828,ctg_3,sub_ctg_27,36800.0
829,ctg_3,sub_ctg_5,99300.0
830,ctg_2,sub_ctg_3,6400.0
831,ctg_3,sub_ctg_23,36700.0
832,ctg_2,sub_ctg_33,35300.0
833,ctg_2,sub_ctg_3,10100.0
834,ctg_2,sub_ctg_8,15000.0
835,ctg_2,sub_ctg_3,5400.0
836,ctg_2,sub_ctg_2,125100.0
837,ctg_0,sub_ctg_31,381400.0
838,ctg_3,sub_ctg_9,45800.0
839,ctg_1,sub_ctg_32,36000.0
840,ctg_2,sub_ctg_8,15300.0
841,ctg_2,sub_ctg_8,15100.0
842,ctg_3,sub_ctg_27,40800.0
843,ctg_0,sub_ctg_25,327100.0
844,ctg_4,sub_ctg_11,112500.0
845,ctg_2,sub_ctg_2,131100.0
846,ctg_4,sub_ctg_7,49700.0
847,ctg_4,sub_ctg_11,119700.0
848,ctg_3,sub_ctg_22,41000.0
849,ctg_4,sub_ctg_12,20500.0
850,ctg_2,sub_ctg_18,25900.0
851,ctg_2,sub_ctg_18,35700.0
852,ctg_3,sub_ctg_23,33400.0
853,ctg_3,sub_ctg_27,32900.0
854,ctg_1,sub_ctg_32,38300.0
855,ctg_4,sub_ctg_7,50800.0
856,ctg_2,sub_ctg_2,135800.0
857,ctg_1,sub_ctg_15,25400.0
858,ctg_2,sub_ctg_2,132400.0
859,ctg_3,sub_ctg_30,67500.0
860,ctg_3,sub_ctg_21,57000.0
861,ctg_3,sub_ctg_30,72500.0
862,ctg_0,sub_ctg_25,330900.0
863,ctg_4,sub_ctg_36,23900.0
864,ctg_2,sub_ctg_3,7300.0
865,ctg_3,sub_ctg_4,51300.0
866,ctg_2,sub_ctg_3,14300.0
867,ctg_3,sub_ctg_30,71100.0
868,ctg_2,sub_ctg_26,58700.0
869,ctg_0,sub_ctg_31,384600.0
870,ctg_2,sub_ctg_18,27500.0
871,ctg_2,sub_ctg_2,127100.0
872,ctg_3,sub_ctg_4,47600.0
873,ctg_3,sub_ctg_9,47500.0
874,ctg_1,sub_ctg_17,32300.0
875,ctg_2,sub_ctg_8,20400.0
876,ctg_3,sub_ctg_21,57800.0
877,ctg_3,sub_ctg_23,29100.0
878,ctg_3,sub_ctg_4,54200.0
879,ctg_3,sub_ctg_24,66200.0
880,ctg_0,sub_ctg_25,326200.0
881,ctg_0,sub_ctg_31,387100.0
882,ctg_0,sub_ctg_25,321100.0
883,ctg_3,sub_ctg_21,49300.0
884,ctg_3,sub_ctg_21,51100.0
885,ctg_3,sub_ctg_5,99800.0
886,ctg_0,sub_ctg_31,385000.0
887,ctg_3,sub_ctg_22,37200.0
888,ctg_4,sub_ctg_7,53200.0
889,ctg_3,sub_ctg_24,61300.0
890,ctg_1,sub_ctg_37,20400.0
891,ctg_0,sub_ctg_31,385200.0
892,ctg_4,sub_ctg_16,14300.0
893,ctg_3,sub_ctg_22,39300.0
894,ctg_4,sub_ctg_36,27200.0
895,ctg_0,sub_ctg_38,797100.0
896,ctg_2,sub_ctg_3,13600.0
897,ctg_3,sub_ctg_4,48000.0
898,ctg_1,sub_ctg_37,20600.0
899,ctg_0,sub_ctg_14,197200.0
900,ctg_3,sub_ctg_21,49900.0
901,ctg_1,sub_ctg_17,34000.0
902,ctg_0,sub_ctg_25,329400.0
903,ctg_2,sub_ctg_3,5600.0
904,ctg_4,sub_ctg_11,120600.0
905,ctg_2,sub_ctg_2,134000.0
906,ctg_2,sub_ctg_18,27900.0
907,ctg_4,sub_ctg_34,14400.0
908,ctg_4,sub_ctg_20,40800.0
909,ctg_2,sub_ctg_33,26100.0
910,ctg_3,sub_ctg_9,46800.0
911,ctg_3,sub_ctg_23,32000.0
912,ctg_2,sub_ctg_3,14100.0
913,ctg_1,sub_ctg_15,35700.0
914,ctg_3,sub_ctg_5,98800.0
915,ctg_0,sub_ctg_38,793200.0
916,ctg_4,sub_ctg_20,45200.0
917,ctg_2,sub_ctg_26,61800.0
918,ctg_3,sub_ctg_24,61800.0
919,ctg_2,sub_ctg_8,20000.0
920,ctg_2,sub_ctg_28,31000.0
921,ctg_3,sub_ctg_4,54300.0
922,ctg_2,sub_ctg_8,18500.0
923,ctg_4,sub_ctg_11,112300.0
924,ctg_1,sub_ctg_32,39700.0
925,ctg_2,sub_ctg_8,14200.0
926,ctg_3,sub_ctg_5,97700.0
927,ctg_2,sub_ctg_28,27700.0
928,ctg_2,sub_ctg_8,14100.0
929,ctg_3,sub_ctg_4,49400.0
930,ctg_2,sub_ctg_8,17600.0
931,ctg_4,sub_ctg_36,31500.0
932,ctg_2,sub_ctg_28,35800.0
933,ctg_3,sub_ctg_21,48800.0
934,ctg_1,sub_ctg_32,44100.0
935,ctg_3,sub_ctg_23,34100.0
936,ctg_2,sub_ctg_18,33300.0
937,ctg_2,sub_ctg_3,8000.0
938,ctg_3,sub_ctg_9,42200.0
939,ctg_2,sub_ctg_33,25900.0
940,ctg_1,sub_ctg_32,42500.0
941,ctg_2,sub_ctg_28,33100.0
942,ctg_2,sub_ctg_33,34800.0
943,ctg_1,sub_ctg_15,34000.0
944,ctg_4,sub_ctg_16,15900.0
945,ctg_3,sub_ctg_13,63400.0
946,ctg_3,sub_ctg_4,54800.0
947,ctg_2,sub_ctg_3,12500.0
948,ctg_3,sub_ctg_22,47600.0
949,ctg_3,sub_ctg_24,56800.0
950,ctg_3,sub_ctg_9,48400.0
951,ctg_0,sub_ctg_31,388700.0
952,ctg_2,sub_ctg_3,8800.0
953,ctg_4,sub_ctg_36,26500.0
954,ctg_0,sub_ctg_31,388900.0
955,ctg_2,sub_ctg_18,26800.0
956,ctg_3,sub_ctg_22,48300.0
957,ctg_3,sub_ctg_4,55800.0
958,ctg_1,sub_ctg_17,39100.0
959,ctg_1,sub_ctg_17,31200.0
960,ctg_1,sub_ctg_17,30400.0
961,ctg_3,sub_ctg_30,69500.0
962,ctg_2,sub_ctg_26,65100.0
963,ctg_4,sub_ctg_20,39400.0
964,ctg_4,sub_ctg_36,32900.0
965,ctg_2,sub_ctg_8,15400.0
966,ctg_2,sub_ctg_3,15300.0
967,ctg_0,sub_ctg_31,384000.0
968,ctg_2,sub_ctg_2,125800.0
969,ctg_2,sub_ctg_2,128600.0
970,ctg_1,sub_ctg_17,35600.0
971,ctg_0,sub_ctg_38,797400.0
972,ctg_1,sub_ctg_17,37500.0
973,ctg_3,sub_ctg_22,44100.0
974,ctg_3,sub_ctg_9,48100.0
975,ctg_3,sub_ctg_21,57300.0
976,ctg_3,sub_ctg_23,31900.0
977,ctg_2,sub_ctg_2,126400.0
978,ctg_2,sub_ctg_2,133500.0
979,ctg_3,sub_ctg_27,36100.0
980,ctg_3,sub_ctg_5,90100.0
981,ctg_4,sub_ctg_20,39100.0
982,ctg_0,sub_ctg_31,385400.0
983,ctg_1,sub_ctg_32,43000.0
984,ctg_0,sub_ctg_31,381200.0
985,ctg_3,sub_ctg_27,38600.0
986,ctg_1,sub_ctg_32,42200.0
987,ctg_3,sub_ctg_27,39000.0
988,ctg_3,sub_ctg_24,61500.0
989,ctg_2,sub_ctg_3,8600.0
990,ctg_1,sub_ctg_17,40000.0
991,ctg_2,sub_ctg_8,20800.0
992,ctg_3,sub_ctg_21,55400.0
993,ctg_1,sub_ctg_17,37800.0
994,ctg_3,sub_ctg_23,34200.0
995,ctg_3,sub_ctg_30,71700.0
996,ctg_2,sub_ctg_3,12300.0
997,ctg_0,sub_ctg_14,198700.0
998,ctg_4,sub_ctg_11,112700.0
999,ctg_3,sub_ctg_23,30400.0
1000,ctg_1,sub_ctg_32,42900.0
1001,ctg_2,sub_ctg_28,32800.0
1002,ctg_3,sub_ctg_4,48400.0
1003,ctg_3,sub_ctg_24,63600.0
1004,ctg_4,sub_ctg_35,67600.0
1005,ctg_3,sub_ctg_27,31700.0
1006,ctg_2,sub_ctg_33,29500.0
1007,ctg_0,sub_ctg_31,382800.0
1008,ctg_3,sub_ctg_24,64600.0
1009,ctg_2,sub_ctg_18,32600.0
1010,ctg_2,sub_ctg_33,27000.0
1011,ctg_3,sub_ctg_23,31800.0
1012,ctg_0,sub_ctg_25,322300.0
1013,ctg_0,sub_ctg_38,804900.0
1014,ctg_3,sub_ctg_21,55300.0
1015,ctg_2,sub_ctg_2,135400.0
1016,ctg_2,sub_ctg_8,17800.0
1017,ctg_0,sub_ctg_25,327800.0
1018,ctg_3,sub_ctg_27,41700.0
1019,ctg_0,sub_ctg_38,806200.0
1020,ctg_2,sub_ctg_8,18000.0
1021,ctg_3,sub_ctg_22,41200.0
1022,ctg_3,sub_ctg_24,59800.0
1023,ctg_3,sub_ctg_4,50900.0
1024,ctg_3,sub_ctg_23,31000.0
1025,ctg_2,sub_ctg_28,30900.0
1026,ctg_1,sub_ctg_17,36800.0
1027,ctg_2,sub_ctg_8,19700.0
1028,ctg_3,sub_ctg_27,36500.0
1029,ctg_3,sub_ctg_24,66500.0
1030,ctg_0,sub_ctg_31,385300.0
1031,ctg_3,sub_ctg_23,32800.0
1032,ctg_3,sub_ctg_5,91000.0
1033,ctg_1,sub_ctg_17,37600.0
1034,ctg_3,sub_ctg_22,42000.0
1035,ctg_3,sub_ctg_22,42300.0
1036,ctg_3,sub_ctg_4,51900.0
1037,ctg_3,sub_ctg_27,33500.0
1038,ctg_2,sub_ctg_3,14600.0
1039,ctg_0,sub_ctg_31,386800.0
1040,ctg_3,sub_ctg_21,50900.0
1041,ctg_1,sub_ctg_17,38900.0
1042,ctg_3,sub_ctg_30,73500.0
1043,ctg_3,sub_ctg_4,52400.0
1044,ctg_2,sub_ctg_33,30600.0
1045,ctg_2,sub_ctg_18,31800.0
1046,ctg_3,sub_ctg_4,48900.0
1047,ctg_3,sub_ctg_9,42900.0
1048,ctg_3,sub_ctg_21,49100.0
1049,ctg_3,sub_ctg_21,48100.0
1050,ctg_2,sub_ctg_33,32400.0
1051,ctg_2,sub_ctg_28,25300.0
1052,ctg_0,sub_ctg_25,323900.0
1053,ctg_4,sub_ctg_12,20400.0
1054,ctg_3,sub_ctg_30,72400.0
1055,ctg_3,sub_ctg_9,47800.0
1056,ctg_2,sub_ctg_28,25000.0
1057,ctg_3,sub_ctg_27,38300.0
1058,ctg_4,sub_ctg_11,112800.0
1059,ctg_3,sub_ctg_13,64000.0
1060,ctg_3,sub_ctg_13,67900.0
1061,ctg_4,sub_ctg_35,67800.0
1062,ctg_0,sub_ctg_25,330600.0
1063,ctg_2,sub_ctg_26,61100.0
1064,ctg_4,sub_ctg_36,31000.0
1065,ctg_3,sub_ctg_23,39600.0
1066,ctg_3,sub_ctg_13,61000.0
1067,ctg_3,sub_ctg_22,41400.0
1068,ctg_2,sub_ctg_28,27200.0
1069,ctg_2,sub_ctg_8,14000.0
1070,ctg_4,sub_ctg_35,60900.0
1071,ctg_0,sub_ctg_25,326800.0
1072,ctg_3,sub_ctg_24,62400.0
1073,ctg_2,sub_ctg_18,35100.0
1074,ctg_3,sub_ctg_22,38500.0
1075,ctg_2,sub_ctg_3,11900.0
1076,ctg_1,sub_ctg_15,27800.0
1077,ctg_2,sub_ctg_33,32200.0
1078,ctg_1,sub_ctg_15,33200.0
1079,ctg_3,sub_ctg_22,44400.0
1080,ctg_3,sub_ctg_4,56200.0
1081,ctg_2,sub_ctg_26,67300.0
1082,ctg_1,sub_ctg_15,30500.0
1083,ctg_3,sub_ctg_29,62600.0
1084,ctg_3,sub_ctg_22,45900.0
1085,ctg_2,sub_ctg_28,27500.0
1086,ctg_1,sub_ctg_15,33000.0
1087,ctg_2,sub_ctg_2,135000.0
1088,ctg_0,sub_ctg_31,390700.0
1089,ctg_3,sub_ctg_21,50300.0
1090,ctg_3,sub_ctg_21,50600.0
1091,ctg_3,sub_ctg_30,66900.0
1092,ctg_3,sub_ctg_22,41300.0
1093,ctg_4,sub_ctg_16,15800.0
1094,ctg_3,sub_ctg_4,53000.0
1095,ctg_1,sub_ctg_32,43500.0
1096,ctg_2,sub_ctg_18,30500.0
1097,ctg_2,sub_ctg_18,28900.0
1098,ctg_0,sub_ctg_31,390600.0
1099,ctg_1,sub_ctg_37,19800.0
1100,ctg_3,sub_ctg_22,47400.0
1101,ctg_3,sub_ctg_13,59000.0
1102,ctg_1,sub_ctg_17,33800.0
1103,ctg_3,sub_ctg_9,42300.0
1104,ctg_4,sub_ctg_12,20100.0
1105,ctg_3,sub_ctg_9,48200.0
1106,ctg_3,sub_ctg_5,94800.0
1107,ctg_3,sub_ctg_22,44000.0
1108,ctg_4,sub_ctg_7,52400.0
1109,ctg_3,sub_ctg_21,50700.0
1110,ctg_4,sub_ctg_11,120500.0
1111,ctg_3,sub_ctg_22,48600.0
1112,ctg_3,sub_ctg_9,38300.0
1113,ctg_0,sub_ctg_31,384900.0
1114,ctg_3,sub_ctg_21,57200.0
1115,ctg_2,sub_ctg_33,29300.0
1116,ctg_4,sub_ctg_36,30000.0
1117,ctg_2,sub_ctg_3,10200.0
1118,ctg_1,sub_ctg_15,31500.0
1119,ctg_3,sub_ctg_5,92700.0
1120,ctg_1,sub_ctg_17,35400.0
1121,ctg_2,sub_ctg_28,28100.0
1122,ctg_2,sub_ctg_2,135200.0
1123,ctg_2,sub_ctg_33,31100.0
1124,ctg_4,sub_ctg_36,31100.0
1125,ctg_4,sub_ctg_11,116800.0
1126,ctg_2,sub_ctg_3,5300.0
1127,ctg_1,sub_ctg_17,40500.0
1128,ctg_0,sub_ctg_31,381100.0
1129,ctg_3,sub_ctg_30,73600.0
1130,ctg_3,sub_ctg_23,37300.0
1131,ctg_0,sub_ctg_31,384200.0
1132,ctg_3,sub_ctg_27,32300.0
1133,ctg_3,sub_ctg_4,50500.0
1134,ctg_4,sub_ctg_35,61900.0
1135,ctg_0,sub_ctg_31,388500.0
1136,ctg_3,sub_ctg_5,97400.0
1137,ctg_0,sub_ctg_31,380900.0
1138,ctg_3,sub_ctg_13,65200.0
1139,ctg_3,sub_ctg_5,101000.0
1140,ctg_2,sub_ctg_18,28800.0
1141,ctg_3,sub_ctg_21,50200.0
1142,ctg_2,sub_ctg_28,27900.0
1143,ctg_0,sub_ctg_25,325100.0
1144,ctg_3,sub_ctg_9,47100.0
1145,ctg_4,sub_ctg_35,68300.0
1146,ctg_1,sub_ctg_32,39300.0
1147,ctg_3,sub_ctg_22,40600.0
1148,ctg_3,sub_ctg_9,46600.0
1149,ctg_4,sub_ctg_7,56300.0
1150,ctg_3,sub_ctg_22,48400.0
1151,ctg_3,sub_ctg_21,54800.0
1152,ctg_2,sub_ctg_2,126200.0
1153,ctg_2,sub_ctg_8,18800.0
1154,ctg_3,sub_ctg_5,93300.0
1155,ctg_2,sub_ctg_2,132900.0
1156,ctg_2,sub_ctg_3,11400.0
1157,ctg_0,sub_ctg_31,385500.0
1158,ctg_3,sub_ctg_22,48500.0
1159,ctg_2,sub_ctg_1,26400.0
1160,ctg_0,sub_ctg_25,326100.0
1161,ctg_2,sub_ctg_1,25800.0
1162,ctg_3,sub_ctg_4,54900.0
1163,ctg_3,sub_ctg_30,70100.0
1164,ctg_4,sub_ctg_20,39800.0
1165,ctg_3,sub_ctg_4,53600.0
1166,ctg_2,sub_ctg_33,31800.0
1167,ctg_3,sub_ctg_4,55900.0
1168,ctg_2,sub_ctg_28,26800.0
1169,ctg_0,sub_ctg_31,380700.0
1170,ctg_2,sub_ctg_33,26300.0
1171,ctg_3,sub_ctg_30,74900.0
1172,ctg_2,sub_ctg_2,130700.0
1173,ctg_3,sub_ctg_5,94300.0
1174,ctg_3,sub_ctg_24,64400.0
1175,ctg_4,sub_ctg_20,44500.0
1176,ctg_0,sub_ctg_25,328500.0
1177,ctg_2,sub_ctg_0,27700.0
1178,ctg_3,sub_ctg_21,54400.0
1179,ctg_2,sub_ctg_28,27600.0
1180,ctg_3,sub_ctg_30,69400.0
1181,ctg_3,sub_ctg_24,67300.0
1182,ctg_4,sub_ctg_16,14900.0
1183,ctg_3,sub_ctg_27,41900.0
1184,ctg_1,sub_ctg_17,40700.0
1185,ctg_1,sub_ctg_17,36300.0
1186,ctg_2,sub_ctg_18,35800.0
1187,ctg_2,sub_ctg_28,32500.0
1188,ctg_4,sub_ctg_36,31700.0
1189,ctg_3,sub_ctg_23,39000.0
1190,ctg_3,sub_ctg_27,39700.0
1191,ctg_4,sub_ctg_7,51900.0
1192,ctg_0,sub_ctg_38,792300.0
1193,ctg_3,sub_ctg_22,42800.0
1194,ctg_2,sub_ctg_8,12400.0
1195,ctg_3,sub_ctg_5,91300.0
1196,ctg_3,sub_ctg_13,65800.0
1197,ctg_1,sub_ctg_32,41300.0
1198,ctg_2,sub_ctg_28,27400.0
1199,ctg_1,sub_ctg_15,28600.0
1200,ctg_3,sub_ctg_30,70800.0
1201,ctg_3,sub_ctg_30,69800.0
1202,ctg_3,sub_ctg_22,35900.0
1203,ctg_4,sub_ctg_20,41700.0
1204,ctg_3,sub_ctg_24,60100.0
1205,ctg_2,sub_ctg_2,131400.0
1206,ctg_3,sub_ctg_5,90400.0
1207,ctg_3,sub_ctg_27,38500.0
1208,ctg_3,sub_ctg_27,40000.0
1209,ctg_3,sub_ctg_22,38800.0
1210,ctg_3,sub_ctg_22,43700.0
1211,ctg_3,sub_ctg_22,48000.0
1212,ctg_2,sub_ctg_2,125600.0
1213,ctg_1,sub_ctg_32,35400.0
1214,ctg_1,sub_ctg_17,38500.0
1215,ctg_1,sub_ctg_32,41000.0
1216,ctg_3,sub_ctg_24,57500.0
1217,ctg_2,sub_ctg_0,26000.0
1218,ctg_3,sub_ctg_9,37800.0
1219,ctg_2,sub_ctg_33,33200.0
1220,ctg_2,sub_ctg_18,29800.0
1221,ctg_2,sub_ctg_2,126100.0
1222,ctg_4,sub_ctg_10,63100.0
1223,ctg_4,sub_ctg_11,110400.0
1224,ctg_3,sub_ctg_4,49800.0
1225,ctg_3,sub_ctg_27,32700.0
1226,ctg_2,sub_ctg_3,8500.0
1227,ctg_0,sub_ctg_31,388200.0
1228,ctg_2,sub_ctg_18,29500.0
1229,ctg_0,sub_ctg_38,798600.0
1230,ctg_2,sub_ctg_28,29000.0
1231,ctg_2,sub_ctg_2,125500.0
1232,ctg_2,sub_ctg_33,30300.0
1233,ctg_3,sub_ctg_9,41200.0
1234,ctg_3,sub_ctg_4,51500.0
1235,ctg_3,sub_ctg_5,98900.0
1236,ctg_2,sub_ctg_8,21000.0
1237,ctg_0,sub_ctg_38,799100.0
1238,ctg_1,sub_ctg_15,27400.0
1239,ctg_3,sub_ctg_9,41500.0
1240,ctg_1,sub_ctg_17,38600.0
1241,ctg_3,sub_ctg_5,99000.0
1242,ctg_3,sub_ctg_22,48200.0
1243,ctg_3,sub_ctg_5,90200.0
1244,ctg_3,sub_ctg_21,53100.0
1245,ctg_3,sub_ctg_30,67900.0
1246,ctg_4,sub_ctg_16,14600.0
1247,ctg_3,sub_ctg_22,45400.0
1248,ctg_2,sub_ctg_28,28700.0
1249,ctg_2,sub_ctg_28,35100.0
1250,ctg_0,sub_ctg_38,799800.0
1251,ctg_1,sub_ctg_32,34100.0
1252,ctg_2,sub_ctg_2,128500.0
1253,ctg_3,sub_ctg_22,46500.0
1254,ctg_3,sub_ctg_30,67600.0
1255,ctg_3,sub_ctg_22,40500.0
1256,ctg_3,sub_ctg_5,96300.0
1257,ctg_2,sub_ctg_8,18200.0
1258,ctg_4,sub_ctg_36,30800.0
1259,ctg_1,sub_ctg_15,32200.0
1260,ctg_2,sub_ctg_3,9000.0
1261,ctg_4,sub_ctg_11,117800.0
1262,ctg_3,sub_ctg_5,92800.0
1263,ctg_2,sub_ctg_28,30100.0
1264,ctg_2,sub_ctg_8,21400.0
1265,ctg_3,sub_ctg_22,43400.0
1266,ctg_3,sub_ctg_27,36900.0
1267,ctg_3,sub_ctg_5,92200.0
1268,ctg_4,sub_ctg_35,60800.0
1269,ctg_3,sub_ctg_30,69300.0
1270,ctg_3,sub_ctg_30,70200.0
1271,ctg_2,sub_ctg_3,6300.0
1272,ctg_3,sub_ctg_5,98700.0
1273,ctg_1,sub_ctg_17,30700.0
1274,ctg_0,sub_ctg_25,321300.0
1275,ctg_3,sub_ctg_13,60400.0
1276,ctg_3,sub_ctg_4,53700.0
1277,ctg_2,sub_ctg_28,35500.0
1278,ctg_2,sub_ctg_18,25400.0
1279,ctg_1,sub_ctg_37,22200.0
1280,ctg_1,sub_ctg_32,39600.0
1281,ctg_2,sub_ctg_28,29600.0
1282,ctg_2,sub_ctg_2,131300.0
1283,ctg_3,sub_ctg_30,75500.0
1284,ctg_3,sub_ctg_9,43900.0
1285,ctg_3,sub_ctg_9,39900.0
1286,ctg_2,sub_ctg_8,14700.0
1287,ctg_0,sub_ctg_38,807300.0
1288,ctg_3,sub_ctg_9,45200.0
1289,ctg_1,sub_ctg_32,40300.0
1290,ctg_2,sub_ctg_2,126800.0
1291,ctg_0,sub_ctg_38,791000.0
1292,ctg_0,sub_ctg_38,793500.0
1293,ctg_3,sub_ctg_24,56400.0
1294,ctg_2,sub_ctg_28,29500.0
1295,ctg_2,sub_ctg_26,59600.0
1296,ctg_3,sub_ctg_4,53200.0
1297,ctg_3,sub_ctg_27,31500.0
1298,ctg_2,sub_ctg_28,34200.0
1299,ctg_3,sub_ctg_9,47000.0
1300,ctg_2,sub_ctg_28,25500.0
1301,ctg_3,sub_ctg_30,73900.0
1302,ctg_3,sub_ctg_9,47200.0
1303,ctg_2,sub_ctg_8,12700.0
1304,ctg_2,sub_ctg_8,22800.0
1305,ctg_4,sub_ctg_11,119200.0
1306,ctg_4,sub_ctg_20,38900.0
1307,ctg_0,sub_ctg_38,802000.0
1308,ctg_0,sub_ctg_38,801800.0
1309,ctg_2,sub_ctg_1,26000.0
1310,ctg_3,sub_ctg_4,56500.0
1311,ctg_3,sub_ctg_27,32400.0
1312,ctg_1,sub_ctg_17,32800.0
1313,ctg_2,sub_ctg_3,11700.0
1314,ctg_3,sub_ctg_22,45000.0
1315,ctg_4,sub_ctg_34,14600.0
1316,ctg_3,sub_ctg_4,49000.0
1317,ctg_3,sub_ctg_5,89900.0
1318,ctg_3,sub_ctg_30,66500.0
1319,ctg_3,sub_ctg_21,46900.0
1320,ctg_2,sub_ctg_33,25800.0
1321,ctg_2,sub_ctg_2,127600.0
1322,ctg_3,sub_ctg_5,94900.0
1323,ctg_1,sub_ctg_17,33700.0
1324,ctg_2,sub_ctg_18,29200.0
1325,ctg_3,sub_ctg_22,39800.0
1326,ctg_0,sub_ctg_38,798800.0
1327,ctg_3,sub_ctg_22,37500.0
1328,ctg_3,sub_ctg_23,35600.0
1329,ctg_2,sub_ctg_2,127900.0
1330,ctg_2,sub_ctg_33,35200.0
1331,ctg_2,sub_ctg_8,14900.0
1332,ctg_3,sub_ctg_30,74000.0
1333,ctg_2,sub_ctg_3,6800.0
1334,ctg_1,sub_ctg_32,39100.0
1335,ctg_0,sub_ctg_14,205600.0
1336,ctg_2,sub_ctg_8,16900.0
1337,ctg_3,sub_ctg_27,39500.0
1338,ctg_2,sub_ctg_0,27100.0
1339,ctg_1,sub_ctg_15,32400.0
1340,ctg_3,sub_ctg_23,35100.0
1341,ctg_3,sub_ctg_4,53900.0
1342,ctg_2,sub_ctg_33,33100.0
1343,ctg_3,sub_ctg_5,97200.0
1344,ctg_3,sub_ctg_4,55300.0
1345,ctg_3,sub_ctg_22,42900.0
1346,ctg_0,sub_ctg_14,204300.0
1347,ctg_2,sub_ctg_3,8300.0
1348,ctg_3,sub_ctg_27,37900.0
1349,ctg_3,sub_ctg_22,37600.0
1350,ctg_2,sub_ctg_28,34100.0
1351,ctg_3,sub_ctg_13,66400.0
1352,ctg_2,sub_ctg_2,130500.0
1353,ctg_2,sub_ctg_19,29300.0
1354,ctg_3,sub_ctg_24,64100.0
1355,ctg_3,sub_ctg_5,100400.0
1356,ctg_3,sub_ctg_21,49200.0
1357,ctg_2,sub_ctg_28,31200.0
1358,ctg_0,sub_ctg_31,385600.0
1359,ctg_0,sub_ctg_31,382400.0
1360,ctg_0,sub_ctg_38,806400.0
1361,ctg_1,sub_ctg_17,36700.0
1362,ctg_1,sub_ctg_17,37200.0
1363,ctg_4,sub_ctg_7,54500.0
1364,ctg_2,sub_ctg_33,30400.0
1365,ctg_3,sub_ctg_4,48700.0
1366,ctg_4,sub_ctg_20,43000.0
1367,ctg_3,sub_ctg_4,56300.0
1368,ctg_3,sub_ctg_27,39300.0
1369,ctg_2,sub_ctg_2,135600.0
1370,ctg_2,sub_ctg_2,128900.0
1371,ctg_2,sub_ctg_2,126300.0
1372,ctg_1,sub_ctg_17,31000.0
1373,ctg_0,sub_ctg_38,793900.0
1374,ctg_4,sub_ctg_34,16700.0
1375,ctg_3,sub_ctg_9,47700.0
1376,ctg_0,sub_ctg_31,382200.0
1377,ctg_3,sub_ctg_9,45000.0
1378,ctg_3,sub_ctg_22,43800.0
1379,ctg_2,sub_ctg_18,28400.0
1380,ctg_4,sub_ctg_11,115500.0
1381,ctg_4,sub_ctg_36,27400.0
1382,ctg_2,sub_ctg_3,9600.0
1383,ctg_3,sub_ctg_27,34900.0
1384,ctg_2,sub_ctg_26,66600.0
1385,ctg_3,sub_ctg_29,63900.0
1386,ctg_3,sub_ctg_24,57400.0
1387,ctg_1,sub_ctg_15,27600.0
1388,ctg_3,sub_ctg_5,100700.0
1389,ctg_1,sub_ctg_17,33600.0
1390,ctg_3,sub_ctg_9,45600.0
1391,ctg_3,sub_ctg_29,61300.0
1392,ctg_0,sub_ctg_25,328700.0
1393,ctg_2,sub_ctg_8,19100.0
1394,ctg_2,sub_ctg_2,130100.0
1395,ctg_3,sub_ctg_30,74300.0
1396,ctg_2,sub_ctg_28,30300.0
1397,ctg_3,sub_ctg_29,56800.0
1398,ctg_2,sub_ctg_18,28600.0
1399,ctg_1,sub_ctg_32,38800.0
1400,ctg_4,sub_ctg_34,15800.0
1401,ctg_3,sub_ctg_9,42000.0
1402,ctg_3,sub_ctg_22,36400.0
1403,ctg_3,sub_ctg_13,66600.0
1404,ctg_4,sub_ctg_36,25100.0
1405,ctg_4,sub_ctg_12,21500.0
1406,ctg_2,sub_ctg_3,15400.0
1407,ctg_2,sub_ctg_33,30800.0
1408,ctg_3,sub_ctg_5,100600.0
1409,ctg_3,sub_ctg_27,34600.0
1410,ctg_2,sub_ctg_33,33900.0
1411,ctg_3,sub_ctg_27,42000.0
1412,ctg_3,sub_ctg_29,56100.0
1413,ctg_3,sub_ctg_22,43100.0
1414,ctg_3,sub_ctg_21,50500.0
1415,ctg_3,sub_ctg_23,33100.0
1416,ctg_3,sub_ctg_29,58900.0
1417,ctg_4,sub_ctg_35,62600.0
1418,ctg_3,sub_ctg_5,95700.0
1419,ctg_2,sub_ctg_8,21300.0
1420,ctg_3,sub_ctg_9,38100.0
1421,ctg_2,sub_ctg_3,13400.0
1422,ctg_0,sub_ctg_31,383800.0
1423,ctg_0,sub_ctg_31,388300.0
1424,ctg_3,sub_ctg_22,43300.0
1425,ctg_3,sub_ctg_13,62900.0
1426,ctg_2,sub_ctg_2,126700.0
1427,ctg_2,sub_ctg_1,25300.0
1428,ctg_3,sub_ctg_27,41000.0
1429,ctg_4,sub_ctg_36,28200.0
1430,ctg_2,sub_ctg_8,19300.0
1431,ctg_1,sub_ctg_37,20200.0
1432,ctg_4,sub_ctg_11,115700.0
1433,ctg_3,sub_ctg_30,71200.0
1434,ctg_3,sub_ctg_4,54700.0
1435,ctg_0,sub_ctg_38,809400.0
1436,ctg_3,sub_ctg_22,46800.0
1437,ctg_4,sub_ctg_11,115600.0
1438,ctg_4,sub_ctg_35,64200.0
1439,ctg_0,sub_ctg_25,323000.0
1440,ctg_0,sub_ctg_14,204000.0
1441,ctg_3,sub_ctg_5,98100.0
1442,ctg_3,sub_ctg_24,61900.0
1443,ctg_3,sub_ctg_22,44300.0
1444,ctg_2,sub_ctg_18,32900.0
1445,ctg_1,sub_ctg_15,32800.0
1446,ctg_2,sub_ctg_3,10900.0
1447,ctg_3,sub_ctg_27,40700.0
1448,ctg_2,sub_ctg_28,31300.0
1449,ctg_3,sub_ctg_30,74800.0
1450,ctg_1,sub_ctg_15,28000.0
1451,ctg_3,sub_ctg_24,56700.0
1452,ctg_3,sub_ctg_27,35700.0
1453,ctg_4,sub_ctg_20,40700.0
1454,ctg_3,sub_ctg_30,68700.0
1455,ctg_2,sub_ctg_18,29900.0
1456,ctg_0,sub_ctg_31,380200.0
1457,ctg_4,sub_ctg_34,15900.0
1458,ctg_0,sub_ctg_38,802500.0
1459,ctg_4,sub_ctg_11,114200.0
1460,ctg_2,sub_ctg_8,19600.0
1461,ctg_3,sub_ctg_22,46300.0
1462,ctg_3,sub_ctg_23,30000.0
1463,ctg_3,sub_ctg_5,98400.0
1464,ctg_3,sub_ctg_4,52900.0
1465,ctg_2,sub_ctg_33,26700.0
1466,ctg_2,sub_ctg_18,28500.0
1467,ctg_2,sub_ctg_28,28300.0
1468,ctg_3,sub_ctg_21,47100.0
1469,ctg_0,sub_ctg_25,328400.0
1470,ctg_3,sub_ctg_24,58200.0
1471,ctg_1,sub_ctg_17,39900.0
1472,ctg_0,sub_ctg_38,793800.0
1473,ctg_2,sub_ctg_2,132000.0
1474,ctg_3,sub_ctg_4,53100.0
1475,ctg_3,sub_ctg_21,51800.0
1476,ctg_1,sub_ctg_17,35500.0
1477,ctg_3,sub_ctg_30,66800.0
1478,ctg_3,sub_ctg_5,95900.0
1479,ctg_2,sub_ctg_28,27800.0
1480,ctg_1,sub_ctg_15,26100.0
1481,ctg_4,sub_ctg_12,20800.0
1482,ctg_2,sub_ctg_2,129900.0
1483,ctg_2,sub_ctg_28,26400.0
1484,ctg_2,sub_ctg_28,33900.0
1485,ctg_3,sub_ctg_23,37400.0
1486,ctg_2,sub_ctg_33,31200.0
1487,ctg_1,sub_ctg_15,33400.0
1488,ctg_2,sub_ctg_2,133700.0
1489,ctg_2,sub_ctg_18,31600.0
1490,ctg_2,sub_ctg_18,25200.0
1491,ctg_3,sub_ctg_21,51600.0
1492,ctg_2,sub_ctg_3,10500.0
1493,ctg_2,sub_ctg_28,30200.0
1494,ctg_1,sub_ctg_32,33800.0
1495,ctg_2,sub_ctg_8,20300.0
1496,ctg_2,sub_ctg_28,34500.0
1497,ctg_3,sub_ctg_21,53700.0
1498,ctg_3,sub_ctg_5,97000.0
1499,ctg_3,sub_ctg_27,38800.0
1500,ctg_3,sub_ctg_30,67700.0
1501,ctg_4,sub_ctg_7,49200.0
1502,ctg_3,sub_ctg_5,90800.0
1503,ctg_3,sub_ctg_22,45300.0
1504,ctg_3,sub_ctg_24,60700.0
1505,ctg_2,sub_ctg_2,127800.0
1506,ctg_3,sub_ctg_4,53400.0
1507,ctg_0,sub_ctg_31,387500.0
1508,ctg_3,sub_ctg_4,56100.0
1509,ctg_3,sub_ctg_27,34500.0
1510,ctg_0,sub_ctg_31,383000.0
1511,ctg_4,sub_ctg_11,117000.0
1512,ctg_3,sub_ctg_30,68400.0
1513,ctg_3,sub_ctg_9,44100.0
1514,ctg_1,sub_ctg_17,34800.0
1515,ctg_4,sub_ctg_11,120300.0
1516,ctg_3,sub_ctg_22,42200.0
1517,ctg_3,sub_ctg_9,41600.0
1518,ctg_0,sub_ctg_31,382300.0
1519,ctg_2,sub_ctg_2,131800.0
1520,ctg_4,sub_ctg_11,112000.0
1521,ctg_3,sub_ctg_22,39200.0
1522,ctg_3,sub_ctg_4,47100.0
1523,ctg_3,sub_ctg_30,75700.0
1524,ctg_3,sub_ctg_27,40200.0
1525,ctg_2,sub_ctg_0,27600.0
1526,ctg_3,sub_ctg_24,65500.0
1527,ctg_1,sub_ctg_15,30000.0
1528,ctg_4,sub_ctg_20,37200.0
1529,ctg_2,sub_ctg_2,134600.0
1530,ctg_1,sub_ctg_15,26300.0
1531,ctg_2,sub_ctg_28,33000.0
1532,ctg_0,sub_ctg_31,381000.0
1533,ctg_3,sub_ctg_21,46800.0
1534,ctg_4,sub_ctg_11,115200.0
1535,ctg_2,sub_ctg_18,27600.0
1536,ctg_1,sub_ctg_15,27200.0
1537,ctg_1,sub_ctg_15,29900.0
1538,ctg_3,sub_ctg_21,50100.0
1539,ctg_3,sub_ctg_13,64500.0
1540,ctg_4,sub_ctg_7,47600.0
1541,ctg_0,sub_ctg_38,793000.0
1542,ctg_2,sub_ctg_8,14600.0
1543,ctg_2,sub_ctg_26,67100.0
1544,ctg_2,sub_ctg_8,16700.0
1545,ctg_4,sub_ctg_11,113600.0
1546,ctg_2,sub_ctg_26,65500.0
1547,ctg_0,sub_ctg_25,325700.0
1548,ctg_3,sub_ctg_22,40100.0
1549,ctg_2,sub_ctg_28,30000.0
1550,ctg_2,sub_ctg_33,33800.0
1551,ctg_3,sub_ctg_30,70000.0
1552,ctg_4,sub_ctg_12,21000.0
1553,ctg_2,sub_ctg_26,58900.0
1554,ctg_3,sub_ctg_27,42500.0
1555,ctg_3,sub_ctg_21,52400.0
1556,ctg_1,sub_ctg_32,43300.0
1557,ctg_1,sub_ctg_17,32200.0
1558,ctg_2,sub_ctg_0,26100.0
1559,ctg_3,sub_ctg_24,60300.0
1560,ctg_3,sub_ctg_9,45900.0
1561,ctg_3,sub_ctg_22,45500.0
1562,ctg_0,sub_ctg_38,799200.0
1563,ctg_1,sub_ctg_17,37700.0
1564,ctg_4,sub_ctg_11,113000.0
1565,ctg_3,sub_ctg_5,93600.0
1566,ctg_2,sub_ctg_2,135300.0
1567,ctg_2,sub_ctg_18,27100.0
1568,ctg_3,sub_ctg_5,94400.0
1569,ctg_2,sub_ctg_3,5800.0
1570,ctg_0,sub_ctg_38,796800.0
1571,ctg_2,sub_ctg_18,31700.0
1572,ctg_2,sub_ctg_18,33100.0
1573,ctg_4,sub_ctg_11,117400.0
1574,ctg_1,sub_ctg_17,39200.0
1575,ctg_3,sub_ctg_23,37000.0
1576,ctg_1,sub_ctg_17,30300.0
1577,ctg_2,sub_ctg_26,63400.0
1578,ctg_2,sub_ctg_8,15700.0
1579,ctg_3,sub_ctg_5,94200.0
1580,ctg_0,sub_ctg_38,804500.0
1581,ctg_0,sub_ctg_31,388100.0
1582,ctg_0,sub_ctg_38,794300.0
1583,ctg_2,sub_ctg_3,8100.0
1584,ctg_2,sub_ctg_0,27200.0
1585,ctg_3,sub_ctg_23,36400.0
1586,ctg_3,sub_ctg_30,66700.0
1587,ctg_2,sub_ctg_2,125700.0
1588,ctg_0,sub_ctg_31,383500.0
1589,ctg_0,sub_ctg_25,329700.0
1590,ctg_2,sub_ctg_3,9900.0
1591,ctg_3,sub_ctg_9,43400.0
1592,ctg_1,sub_ctg_17,31100.0
1593,ctg_1,sub_ctg_37,21500.0
1594,ctg_3,sub_ctg_22,37000.0
1595,ctg_0,sub_ctg_25,331100.0
1596,ctg_2,sub_ctg_18,29700.0
1597,ctg_3,sub_ctg_21,50000.0
1598,ctg_2,sub_ctg_18,35600.0
1599,ctg_2,sub_ctg_18,34400.0
1600,ctg_3,sub_ctg_5,100800.0
1601,ctg_3,sub_ctg_30,72900.0
1602,ctg_2,sub_ctg_3,9300.0
1603,ctg_1,sub_ctg_37,20300.0
1604,ctg_2,sub_ctg_8,18600.0
1605,ctg_2,sub_ctg_8,15800.0
1606,ctg_0,sub_ctg_38,805200.0
1607,ctg_3,sub_ctg_9,38600.0
1608,ctg_2,sub_ctg_8,15200.0
1609,ctg_4,sub_ctg_11,119300.0
1610,ctg_0,sub_ctg_31,387300.0
1611,ctg_0,sub_ctg_38,798300.0
1612,ctg_2,sub_ctg_28,33300.0
1613,ctg_3,sub_ctg_13,60000.0
1614,ctg_2,sub_ctg_2,129100.0
1615,ctg_3,sub_ctg_24,61100.0
1616,ctg_3,sub_ctg_24,65700.0
1617,ctg_3,sub_ctg_13,59100.0
1618,ctg_2,sub_ctg_33,28800.0
1619,ctg_3,sub_ctg_21,52100.0
1620,ctg_1,sub_ctg_15,31200.0
1621,ctg_3,sub_ctg_9,43500.0
1622,ctg_1,sub_ctg_17,40100.0
1623,ctg_3,sub_ctg_13,61600.0
1624,ctg_4,sub_ctg_11,116000.0
1625,ctg_3,sub_ctg_27,40300.0
1626,ctg_1,sub_ctg_15,34100.0
1627,ctg_1,sub_ctg_17,33400.0
1628,ctg_0,sub_ctg_25,329000.0
1629,ctg_2,sub_ctg_8,17400.0
1630,ctg_3,sub_ctg_27,31800.0
1631,ctg_3,sub_ctg_9,46400.0
1632,ctg_3,sub_ctg_30,73800.0
1633,ctg_4,sub_ctg_20,41400.0
1634,ctg_3,sub_ctg_27,33800.0
1635,ctg_3,sub_ctg_22,47000.0
1636,ctg_2,sub_ctg_18,33500.0
1637,ctg_2,sub_ctg_26,68400.0
1638,ctg_2,sub_ctg_8,16200.0
1639,ctg_3,sub_ctg_27,35500.0
1640,ctg_3,sub_ctg_29,57000.0
1641,ctg_3,sub_ctg_27,36200.0
1642,ctg_3,sub_ctg_29,61100.0
1643,ctg_3,sub_ctg_29,54900.0
1644,ctg_3,sub_ctg_24,66400.0
1645,ctg_2,sub_ctg_2,131600.0
1646,ctg_3,sub_ctg_5,90700.0
1647,ctg_4,sub_ctg_11,113300.0
1648,ctg_4,sub_ctg_11,117600.0
1649,ctg_3,sub_ctg_5,96800.0
1650,ctg_3,sub_ctg_5,92000.0
1651,ctg_0,sub_ctg_25,325900.0
1652,ctg_2,sub_ctg_28,32300.0
1653,ctg_3,sub_ctg_5,91100.0
1654,ctg_4,sub_ctg_20,42200.0
1655,ctg_3,sub_ctg_9,42400.0
1656,ctg_0,sub_ctg_25,325500.0
1657,ctg_3,sub_ctg_4,46800.0
1658,ctg_3,sub_ctg_22,36100.0
1659,ctg_3,sub_ctg_23,38200.0
1660,ctg_2,sub_ctg_2,132100.0
1661,ctg_3,sub_ctg_29,56000.0
1662,ctg_4,sub_ctg_11,111000.0
1663,ctg_0,sub_ctg_31,389700.0
1664,ctg_0,sub_ctg_31,382100.0
1665,ctg_0,sub_ctg_25,329300.0
1666,ctg_2,sub_ctg_28,28800.0
1667,ctg_2,sub_ctg_28,31500.0
1668,ctg_4,sub_ctg_7,49800.0
1669,ctg_2,sub_ctg_18,27700.0
1670,ctg_2,sub_ctg_33,27500.0
1671,ctg_1,sub_ctg_17,34600.0
1672,ctg_2,sub_ctg_18,29100.0
1673,ctg_2,sub_ctg_8,14400.0
1674,ctg_1,sub_ctg_15,26000.0
1675,ctg_1,sub_ctg_17,38200.0
1676,ctg_3,sub_ctg_5,97900.0
1677,ctg_0,sub_ctg_25,328000.0
1678,ctg_3,sub_ctg_23,38600.0
1679,ctg_2,sub_ctg_2,129700.0
1680,ctg_1,sub_ctg_17,32400.0
1681,ctg_3,sub_ctg_5,91500.0
1682,ctg_3,sub_ctg_4,51100.0
1683,ctg_3,sub_ctg_24,62100.0
1684,ctg_3,sub_ctg_4,54500.0
1685,ctg_2,sub_ctg_28,35700.0
1686,ctg_4,sub_ctg_20,35900.0
1687,ctg_3,sub_ctg_22,39900.0
1688,ctg_3,sub_ctg_4,56900.0
1689,ctg_0,sub_ctg_31,382000.0
1690,ctg_1,sub_ctg_37,20900.0
1691,ctg_2,sub_ctg_8,18100.0
1692,ctg_4,sub_ctg_35,66000.0
1693,ctg_1,sub_ctg_15,26700.0
1694,ctg_3,sub_ctg_29,53300.0
1695,ctg_2,sub_ctg_8,20700.0
1696,ctg_3,sub_ctg_24,63900.0
1697,ctg_4,sub_ctg_7,48300.0
1698,ctg_2,sub_ctg_18,28200.0
1699,ctg_2,sub_ctg_0,27400.0
1700,ctg_1,sub_ctg_32,41700.0
1701,ctg_3,sub_ctg_9,43700.0
1702,ctg_3,sub_ctg_6,57700.0
1703,ctg_3,sub_ctg_21,56500.0
1704,ctg_4,sub_ctg_16,16100.0
1705,ctg_3,sub_ctg_30,72200.0
1706,ctg_3,sub_ctg_22,36900.0
1707,ctg_4,sub_ctg_11,117200.0
1708,ctg_3,sub_ctg_5,92500.0
1709,ctg_3,sub_ctg_4,50700.0
1710,ctg_3,sub_ctg_23,33000.0
1711,ctg_4,sub_ctg_12,21700.0
1712,ctg_0,sub_ctg_31,381500.0
1713,ctg_1,sub_ctg_15,31700.0
1714,ctg_3,sub_ctg_9,45100.0
1715,ctg_1,sub_ctg_15,27700.0
1716,ctg_0,sub_ctg_14,199200.0
1717,ctg_4,sub_ctg_11,114500.0
1718,ctg_2,sub_ctg_18,29300.0
1719,ctg_3,sub_ctg_30,66400.0
1720,ctg_2,sub_ctg_3,9500.0
1721,ctg_3,sub_ctg_5,93800.0
1722,ctg_0,sub_ctg_31,382700.0
1723,ctg_4,sub_ctg_11,116400.0
1724,ctg_1,sub_ctg_17,30900.0
1725,ctg_3,sub_ctg_21,56300.0
1726,ctg_1,sub_ctg_15,26400.0
1727,ctg_2,sub_ctg_0,27800.0
1728,ctg_4,sub_ctg_11,120700.0
1729,ctg_3,sub_ctg_30,72800.0
1730,ctg_3,sub_ctg_22,37800.0
1731,ctg_1,sub_ctg_15,33500.0
1732,ctg_3,sub_ctg_4,47300.0
1733,ctg_2,sub_ctg_2,131500.0
1734,ctg_3,sub_ctg_5,94100.0
1735,ctg_2,sub_ctg_28,33800.0
1736,ctg_3,sub_ctg_30,67200.0
1737,ctg_3,sub_ctg_24,58400.0
1738,ctg_4,sub_ctg_35,68000.0
1739,ctg_3,sub_ctg_24,63700.0
1740,ctg_2,sub_ctg_3,6000.0
1741,ctg_1,sub_ctg_17,34900.0
1742,ctg_1,sub_ctg_17,31900.0
1743,ctg_3,sub_ctg_22,43500.0
1744,ctg_3,sub_ctg_9,37700.0
1745,ctg_1,sub_ctg_17,35300.0
1746,ctg_3,sub_ctg_22,44900.0
1747,ctg_3,sub_ctg_4,50300.0
1748,ctg_3,sub_ctg_27,41400.0
1749,ctg_2,sub_ctg_18,34500.0
1750,ctg_3,sub_ctg_29,59300.0
1751,ctg_2,sub_ctg_33,28900.0
1752,ctg_2,sub_ctg_19,28900.0
1753,ctg_3,sub_ctg_24,65900.0
1754,ctg_3,sub_ctg_22,43600.0
1755,ctg_2,sub_ctg_3,11100.0
1756,ctg_3,sub_ctg_5,89600.0
1757,ctg_3,sub_ctg_27,42300.0
1758,ctg_3,sub_ctg_30,66300.0
1759,ctg_0,sub_ctg_31,390800.0
1760,ctg_3,sub_ctg_4,56700.0
1761,ctg_3,sub_ctg_4,55400.0
1762,ctg_3,sub_ctg_13,65100.0
1763,ctg_4,sub_ctg_7,49100.0
1764,ctg_0,sub_ctg_25,322800.0
1765,ctg_2,sub_ctg_2,132500.0
1766,ctg_2,sub_ctg_3,9400.0
1767,ctg_2,sub_ctg_18,33900.0
1768,ctg_3,sub_ctg_13,66100.0
1769,ctg_3,sub_ctg_30,66200.0
1770,ctg_4,sub_ctg_7,47800.0
1771,ctg_2,sub_ctg_2,129000.0
1772,ctg_2,sub_ctg_3,5000.0
1773,ctg_3,sub_ctg_30,72600.0
1774,ctg_2,sub_ctg_28,34300.0
1775,ctg_4,sub_ctg_12,21100.0
1776,ctg_3,sub_ctg_9,40400.0
1777,ctg_3,sub_ctg_9,48000.0
1778,ctg_2,sub_ctg_33,25400.0
1779,ctg_3,sub_ctg_27,38100.0
1780,ctg_2,sub_ctg_2,131700.0
1781,ctg_0,sub_ctg_31,385900.0
1782,ctg_3,sub_ctg_21,57400.0
1783,ctg_2,sub_ctg_18,26200.0
1784,ctg_1,sub_ctg_15,29300.0
1785,ctg_4,sub_ctg_36,29600.0
1786,ctg_3,sub_ctg_4,51800.0
1787,ctg_3,sub_ctg_13,63800.0
1788,ctg_2,sub_ctg_28,28000.0
1789,ctg_3,sub_ctg_21,54500.0
1790,ctg_3,sub_ctg_24,60500.0
1791,ctg_3,sub_ctg_13,67300.0
1792,ctg_3,sub_ctg_13,61700.0
1793,ctg_3,sub_ctg_27,39600.0
1794,ctg_1,sub_ctg_15,26800.0
1795,ctg_3,sub_ctg_4,56800.0
1796,ctg_0,sub_ctg_25,321000.0
1797,ctg_0,sub_ctg_31,390100.0
1798,ctg_3,sub_ctg_29,60500.0
1799,ctg_3,sub_ctg_23,38000.0
1800,ctg_4,sub_ctg_36,27000.0
1801,ctg_2,sub_ctg_3,6200.0
1802,ctg_3,sub_ctg_30,72300.0
1803,ctg_2,sub_ctg_18,30200.0
1804,ctg_3,sub_ctg_21,56900.0
1805,ctg_2,sub_ctg_28,32600.0
1806,ctg_1,sub_ctg_17,36500.0
1807,ctg_4,sub_ctg_36,25300.0
1808,ctg_3,sub_ctg_21,48300.0
1809,ctg_2,sub_ctg_26,64300.0
1810,ctg_0,sub_ctg_25,328800.0
1811,ctg_3,sub_ctg_5,89200.0
1812,ctg_3,sub_ctg_30,73300.0
1813,ctg_2,sub_ctg_3,13200.0
1814,ctg_3,sub_ctg_13,60900.0
1815,ctg_3,sub_ctg_9,41400.0
1816,ctg_3,sub_ctg_4,50400.0
1817,ctg_2,sub_ctg_3,9800.0
1818,ctg_2,sub_ctg_8,21600.0
1819,ctg_2,sub_ctg_28,28200.0
1820,ctg_1,sub_ctg_15,35000.0
1821,ctg_1,sub_ctg_17,36100.0
1822,ctg_2,sub_ctg_33,31300.0
1823,ctg_3,sub_ctg_5,93900.0
1824,ctg_1,sub_ctg_15,35200.0
1825,ctg_0,sub_ctg_38,795900.0
1826,ctg_3,sub_ctg_22,39000.0
1827,ctg_3,sub_ctg_27,37000.0
1828,ctg_2,sub_ctg_3,11500.0
1829,ctg_3,sub_ctg_13,62600.0
1830,ctg_1,sub_ctg_15,33600.0
1831,ctg_3,sub_ctg_23,36300.0
1832,ctg_3,sub_ctg_24,66000.0
1833,ctg_2,sub_ctg_8,15900.0
1834,ctg_2,sub_ctg_3,11200.0
1835,ctg_3,sub_ctg_27,39200.0
1836,ctg_0,sub_ctg_38,807900.0
1837,ctg_3,sub_ctg_9,38700.0
1838,ctg_2,sub_ctg_2,133600.0
1839,ctg_1,sub_ctg_17,34100.0
1840,ctg_2,sub_ctg_2,134200.0
1841,ctg_3,sub_ctg_22,42100.0
1842,ctg_2,sub_ctg_18,26000.0
1843,ctg_3,sub_ctg_29,59200.0
1844,ctg_4,sub_ctg_16,15500.0
1845,ctg_0,sub_ctg_38,800900.0
1846,ctg_3,sub_ctg_29,55400.0
1847,ctg_2,sub_ctg_18,26600.0
1848,ctg_3,sub_ctg_9,39100.0
1849,ctg_3,sub_ctg_21,57500.0
1850,ctg_3,sub_ctg_4,49700.0
1851,ctg_3,sub_ctg_21,49000.0
1852,ctg_2,sub_ctg_18,30900.0
1853,ctg_0,sub_ctg_25,324700.0
1854,ctg_3,sub_ctg_9,44000.0
1855,ctg_4,sub_ctg_36,23400.0
1856,ctg_3,sub_ctg_27,37200.0
1857,ctg_2,sub_ctg_8,13100.0
1858,ctg_4,sub_ctg_11,118200.0
1859,ctg_3,sub_ctg_30,71900.0
1860,ctg_0,sub_ctg_38,792200.0
1861,ctg_3,sub_ctg_27,37800.0
1862,ctg_2,sub_ctg_8,13600.0
1863,ctg_3,sub_ctg_22,37400.0
1864,ctg_1,sub_ctg_15,25800.0
1865,ctg_2,sub_ctg_8,12200.0
1866,ctg_3,sub_ctg_21,51400.0
1867,ctg_2,sub_ctg_2,126900.0
1868,ctg_0,sub_ctg_38,799400.0
1869,ctg_1,sub_ctg_15,32100.0
1870,ctg_3,sub_ctg_30,72000.0
1871,ctg_1,sub_ctg_17,38700.0
1872,ctg_4,sub_ctg_34,15600.0
1873,ctg_3,sub_ctg_4,51700.0
1874,ctg_2,sub_ctg_8,12900.0
1875,ctg_3,sub_ctg_21,47800.0
1876,ctg_2,sub_ctg_2,135700.0
1877,ctg_3,sub_ctg_21,51900.0
1878,ctg_2,sub_ctg_8,21200.0
1879,ctg_4,sub_ctg_35,62400.0
1880,ctg_2,sub_ctg_8,16100.0
1881,ctg_2,sub_ctg_3,7200.0
1882,ctg_3,sub_ctg_4,48100.0
1883,ctg_4,sub_ctg_36,32000.0
1884,ctg_3,sub_ctg_22,40000.0
1885,ctg_3,sub_ctg_13,66300.0
1886,ctg_2,sub_ctg_19,29700.0
1887,ctg_2,sub_ctg_1,26700.0
1888,ctg_3,sub_ctg_23,39200.0
1889,ctg_3,sub_ctg_13,65500.0
1890,ctg_2,sub_ctg_2,128800.0
1891,ctg_4,sub_ctg_11,121200.0
1892,ctg_3,sub_ctg_5,94600.0
1893,ctg_2,sub_ctg_2,128100.0
1894,ctg_2,sub_ctg_3,8700.0
1895,ctg_0,sub_ctg_25,330100.0
1896,ctg_4,sub_ctg_36,29300.0
1897,ctg_4,sub_ctg_11,119800.0
1898,ctg_4,sub_ctg_20,43300.0
1899,ctg_2,sub_ctg_18,34800.0
1900,ctg_3,sub_ctg_24,65100.0
1901,ctg_2,sub_ctg_8,14800.0
1902,ctg_3,sub_ctg_5,100300.0
1903,ctg_3,sub_ctg_27,32200.0
1904,ctg_3,sub_ctg_30,67100.0
1905,ctg_3,sub_ctg_5,94500.0
1906,ctg_0,sub_ctg_31,386700.0
1907,ctg_1,sub_ctg_17,34500.0
1908,ctg_3,sub_ctg_30,68600.0
1909,ctg_2,sub_ctg_18,30800.0
1910,ctg_3,sub_ctg_22,45700.0
1911,ctg_2,sub_ctg_3,13800.0
1912,ctg_3,sub_ctg_21,46700.0
1913,ctg_3,sub_ctg_24,63300.0
1914,ctg_3,sub_ctg_9,46000.0
1915,ctg_3,sub_ctg_30,74200.0
1916,ctg_4,sub_ctg_16,14000.0
1917,ctg_2,sub_ctg_18,32700.0
1918,ctg_1,sub_ctg_17,37100.0
1919,ctg_0,sub_ctg_25,328100.0
1920,ctg_3,sub_ctg_23,31500.0
1921,ctg_3,sub_ctg_29,57600.0
1922,ctg_3,sub_ctg_21,49800.0
1923,ctg_2,sub_ctg_8,19400.0
1924,ctg_3,sub_ctg_22,47800.0
1925,ctg_4,sub_ctg_11,114300.0
1926,ctg_2,sub_ctg_28,33200.0
1927,ctg_4,sub_ctg_35,59200.0
1928,ctg_3,sub_ctg_22,39600.0
1929,ctg_2,sub_ctg_8,15600.0
1930,ctg_3,sub_ctg_21,55700.0
1931,ctg_3,sub_ctg_13,68200.0
1932,ctg_3,sub_ctg_21,57900.0
1933,ctg_2,sub_ctg_2,134300.0
1934,ctg_4,sub_ctg_11,121100.0
1935,ctg_4,sub_ctg_36,32300.0
1936,ctg_3,sub_ctg_4,49500.0
1937,ctg_4,sub_ctg_20,43800.0
1938,ctg_4,sub_ctg_35,67500.0
1939,ctg_3,sub_ctg_24,58000.0
1940,ctg_1,sub_ctg_32,44000.0
1941,ctg_3,sub_ctg_4,55500.0
1942,ctg_1,sub_ctg_15,28700.0
1943,ctg_3,sub_ctg_4,53500.0
1944,ctg_3,sub_ctg_27,37500.0
1945,ctg_0,sub_ctg_38,804200.0
1946,ctg_1,sub_ctg_15,34200.0
1947,ctg_4,sub_ctg_20,35600.0
1948,ctg_3,sub_ctg_9,45500.0
1949,ctg_3,sub_ctg_9,39400.0
1950,ctg_2,sub_ctg_26,64600.0
1951,ctg_1,sub_ctg_32,38500.0
1952,ctg_3,sub_ctg_22,43000.0
1953,ctg_3,sub_ctg_22,39700.0
1954,ctg_4,sub_ctg_12,21300.0
1955,ctg_0,sub_ctg_25,329600.0
1956,ctg_3,sub_ctg_5,92300.0
1957,ctg_3,sub_ctg_24,62700.0
1958,ctg_2,sub_ctg_28,33400.0
1959,ctg_2,sub_ctg_18,34200.0
1960,ctg_3,sub_ctg_4,52200.0
1961,ctg_3,sub_ctg_21,48600.0
1962,ctg_4,sub_ctg_20,44000.0
1963,ctg_3,sub_ctg_27,41500.0
1964,ctg_3,sub_ctg_24,57600.0
1965,ctg_0,sub_ctg_31,382600.0
1966,ctg_2,sub_ctg_3,11000.0
1967,ctg_3,sub_ctg_23,32700.0
1968,ctg_0,sub_ctg_38,798900.0
1969,ctg_3,sub_ctg_4,52700.0
1970,ctg_4,sub_ctg_7,51400.0
1971,ctg_1,sub_ctg_15,28900.0
1972,ctg_0,sub_ctg_25,323600.0
1973,ctg_3,sub_ctg_30,68100.0
1974,ctg_3,sub_ctg_30,70900.0
1975,ctg_3,sub_ctg_21,53300.0
1976,ctg_3,sub_ctg_13,68000.0
1977,ctg_3,sub_ctg_5,91400.0
1978,ctg_3,sub_ctg_23,31600.0
1979,ctg_4,sub_ctg_7,51200.0
1980,ctg_2,sub_ctg_8,22300.0
1981,ctg_2,sub_ctg_18,31500.0
1982,ctg_3,sub_ctg_4,56400.0
1983,ctg_3,sub_ctg_5,100500.0
1984,ctg_3,sub_ctg_27,35100.0
1985,ctg_3,sub_ctg_21,52000.0
1986,ctg_0,sub_ctg_38,805100.0
1987,ctg_3,sub_ctg_21,54600.0
1988,ctg_3,sub_ctg_13,59600.0
1989,ctg_2,sub_ctg_28,27000.0
1990,ctg_3,sub_ctg_4,46600.0
1991,ctg_2,sub_ctg_8,14300.0
1992,ctg_4,sub_ctg_11,110300.0
1993,ctg_3,sub_ctg_22,38200.0
1994,ctg_2,sub_ctg_28,33600.0
1995,ctg_2,sub_ctg_18,32300.0
1996,ctg_3,sub_ctg_30,73100.0
1997,ctg_3,sub_ctg_24,65400.0
1998,ctg_4,sub_ctg_34,16100.0
1999,ctg_1,sub_ctg_32,34800.0
2000,ctg_0,sub_ctg_38,797500.0
2001,ctg_3,sub_ctg_13,66000.0
2002,ctg_3,sub_ctg_23,38500.0
2003,ctg_4,sub_ctg_7,52000.0
2004,ctg_2,sub_ctg_8,19000.0
2005,ctg_2,sub_ctg_28,31700.0
2006,ctg_3,sub_ctg_9,42800.0
2007,ctg_3,sub_ctg_30,70300.0
2008,ctg_1,sub_ctg_17,32000.0
2009,ctg_2,sub_ctg_18,27000.0
2010,ctg_4,sub_ctg_11,114600.0
2011,ctg_3,sub_ctg_30,65400.0
2012,ctg_3,sub_ctg_5,100000.0
2013,ctg_2,sub_ctg_1,25400.0
2014,ctg_3,sub_ctg_21,55200.0
2015,ctg_3,sub_ctg_23,32600.0
2016,ctg_3,sub_ctg_21,56700.0
2017,ctg_3,sub_ctg_9,40900.0
2018,ctg_4,sub_ctg_36,33400.0
2019,ctg_3,sub_ctg_30,71400.0
2020,ctg_4,sub_ctg_11,111900.0
2021,ctg_0,sub_ctg_31,388400.0
2022,ctg_3,sub_ctg_22,41900.0
2023,ctg_3,sub_ctg_13,64100.0
2024,ctg_1,sub_ctg_32,36700.0
2025,ctg_4,sub_ctg_36,27900.0
2026,ctg_1,sub_ctg_17,32900.0
2027,ctg_4,sub_ctg_34,16200.0
2028,ctg_3,sub_ctg_21,47000.0
2029,ctg_4,sub_ctg_11,115900.0
2030,ctg_4,sub_ctg_11,113900.0
2031,ctg_2,sub_ctg_2,131000.0
2032,ctg_3,sub_ctg_4,54100.0
2033,ctg_0,sub_ctg_38,791100.0
2034,ctg_3,sub_ctg_9,46100.0
2035,ctg_1,sub_ctg_32,34400.0
2036,ctg_4,sub_ctg_12,20200.0
2037,ctg_3,sub_ctg_27,41800.0
2038,ctg_1,sub_ctg_15,31300.0
2039,ctg_3,sub_ctg_9,44800.0
2040,ctg_3,sub_ctg_21,55600.0
2041,ctg_0,sub_ctg_31,389800.0
2042,ctg_1,sub_ctg_17,33200.0
2043,ctg_3,sub_ctg_23,35200.0
2044,ctg_1,sub_ctg_15,28100.0
2045,ctg_3,sub_ctg_27,38400.0
2046,ctg_2,sub_ctg_2,132200.0
2047,ctg_3,sub_ctg_21,57100.0
2048,ctg_2,sub_ctg_0,27500.0
2049,ctg_2,sub_ctg_28,35400.0
2050,ctg_0,sub_ctg_31,384500.0
2051,ctg_0,sub_ctg_25,326900.0
2052,ctg_3,sub_ctg_27,32100.0
2053,ctg_3,sub_ctg_22,46700.0
2054,ctg_4,sub_ctg_35,63200.0
2055,ctg_3,sub_ctg_22,38900.0
2056,ctg_3,sub_ctg_24,57100.0
2057,ctg_3,sub_ctg_9,43300.0
2058,ctg_3,sub_ctg_27,32000.0
2059,ctg_4,sub_ctg_36,24800.0
2060,ctg_0,sub_ctg_31,387200.0
2061,ctg_3,sub_ctg_21,53400.0
2062,ctg_3,sub_ctg_21,56800.0
2063,ctg_2,sub_ctg_8,22500.0
2064,ctg_4,sub_ctg_11,117500.0
2065,ctg_2,sub_ctg_0,27300.0
2066,ctg_1,sub_ctg_37,21900.0
2067,ctg_0,sub_ctg_25,331300.0
2068,ctg_0,sub_ctg_31,383300.0
2069,ctg_1,sub_ctg_15,31600.0
2070,ctg_2,sub_ctg_19,28500.0
2071,ctg_4,sub_ctg_35,62100.0
2072,ctg_0,sub_ctg_38,806800.0
2073,ctg_3,sub_ctg_24,62200.0
2074,ctg_4,sub_ctg_16,15200.0
2075,ctg_3,sub_ctg_4,50200.0
2076,ctg_2,sub_ctg_18,26900.0
2077,ctg_3,sub_ctg_22,46600.0
2078,ctg_2,sub_ctg_19,28600.0
2079,ctg_0,sub_ctg_38,792000.0
2080,ctg_0,sub_ctg_25,320700.0
2081,ctg_0,sub_ctg_25,321200.0
2082,ctg_3,sub_ctg_27,39900.0
2083,ctg_0,sub_ctg_31,383200.0
2084,ctg_3,sub_ctg_23,34700.0
2085,ctg_3,sub_ctg_9,39800.0
2086,ctg_0,sub_ctg_38,790100.0
2087,ctg_1,sub_ctg_32,43700.0
2088,ctg_0,sub_ctg_31,390200.0
2089,ctg_3,sub_ctg_30,67400.0
2090,ctg_4,sub_ctg_11,114400.0
2091,ctg_3,sub_ctg_30,65900.0
2092,ctg_2,sub_ctg_28,34900.0
2093,ctg_0,sub_ctg_38,802400.0
2094,ctg_3,sub_ctg_24,64800.0
2095,ctg_4,sub_ctg_35,65800.0
2096,ctg_3,sub_ctg_5,100100.0
2097,ctg_3,sub_ctg_23,38700.0
2098,ctg_3,sub_ctg_9,40000.0
2099,ctg_3,sub_ctg_9,43000.0
2100,ctg_3,sub_ctg_21,53000.0
2101,ctg_3,sub_ctg_30,68500.0
2102,ctg_3,sub_ctg_22,37700.0
2103,ctg_3,sub_ctg_9,45300.0
2104,ctg_4,sub_ctg_20,38000.0
2105,ctg_3,sub_ctg_27,40500.0
2106,ctg_0,sub_ctg_38,803500.0
2107,ctg_0,sub_ctg_38,803800.0
2108,ctg_4,sub_ctg_11,114100.0
2109,ctg_1,sub_ctg_17,37300.0
2110,ctg_1,sub_ctg_32,38100.0
2111,ctg_2,sub_ctg_3,12100.0
2112,ctg_3,sub_ctg_4,47900.0
2113,ctg_0,sub_ctg_38,795300.0
2114,ctg_1,sub_ctg_15,35900.0
2115,ctg_4,sub_ctg_20,39700.0
2116,ctg_4,sub_ctg_36,23800.0
2117,ctg_3,sub_ctg_21,54900.0
2118,ctg_3,sub_ctg_9,37900.0
2119,ctg_3,sub_ctg_13,65000.0
2120,ctg_1,sub_ctg_17,40200.0
2121,ctg_3,sub_ctg_22,36000.0
2122,ctg_3,sub_ctg_4,50800.0
2123,ctg_3,sub_ctg_23,30200.0
2124,ctg_0,sub_ctg_31,380000.0
2125,ctg_1,sub_ctg_17,40600.0
2126,ctg_2,sub_ctg_33,27300.0
2127,ctg_4,sub_ctg_7,49300.0
2128,ctg_0,sub_ctg_38,792500.0
2129,ctg_0,sub_ctg_25,327600.0
2130,ctg_4,sub_ctg_16,15600.0
2131,ctg_2,sub_ctg_18,34900.0
2132,ctg_2,sub_ctg_2,133300.0
2133,ctg_4,sub_ctg_34,15700.0
2134,ctg_0,sub_ctg_38,808500.0
2135,ctg_4,sub_ctg_7,55500.0
2136,ctg_4,sub_ctg_7,54400.0
2137,ctg_1,sub_ctg_15,32000.0
2138,ctg_1,sub_ctg_15,27500.0
2139,ctg_3,sub_ctg_27,35300.0
2140,ctg_3,sub_ctg_5,96600.0
2141,ctg_4,sub_ctg_11,111700.0
2142,ctg_3,sub_ctg_9,45400.0
2143,ctg_3,sub_ctg_30,68800.0
2144,ctg_0,sub_ctg_25,327300.0
2145,ctg_2,sub_ctg_33,27200.0
2146,ctg_1,sub_ctg_17,40800.0
2147,ctg_2,sub_ctg_2,135500.0
2148,ctg_0,sub_ctg_31,381900.0
2149,ctg_2,sub_ctg_28,29300.0
2150,ctg_3,sub_ctg_22,41500.0
2151,ctg_2,sub_ctg_28,32400.0
2152,ctg_4,sub_ctg_11,118500.0
2153,ctg_3,sub_ctg_27,33700.0
2154,ctg_3,sub_ctg_23,33900.0
2155,ctg_3,sub_ctg_21,47300.0
2156,ctg_4,sub_ctg_36,28700.0
2157,ctg_3,sub_ctg_24,60400.0
2158,ctg_3,sub_ctg_5,99600.0
2159,ctg_2,sub_ctg_28,29800.0
2160,ctg_3,sub_ctg_5,91800.0
2161,ctg_4,sub_ctg_7,55000.0
2162,ctg_0,sub_ctg_31,381700.0
2163,ctg_0,sub_ctg_31,388000.0
2164,ctg_4,sub_ctg_11,112600.0
2165,ctg_1,sub_ctg_17,36600.0
2166,ctg_3,sub_ctg_27,36600.0
2167,ctg_3,sub_ctg_22,43900.0
2168,ctg_2,sub_ctg_18,26300.0
2169,ctg_4,sub_ctg_11,119100.0
2170,ctg_3,sub_ctg_30,65600.0
2171,ctg_2,sub_ctg_3,12700.0
2172,ctg_3,sub_ctg_30,68200.0
2173,ctg_4,sub_ctg_11,111200.0
2174,ctg_1,sub_ctg_32,42600.0
2175,ctg_3,sub_ctg_24,63500.0
2176,ctg_3,sub_ctg_27,34000.0
2177,ctg_2,sub_ctg_8,22200.0
2178,ctg_3,sub_ctg_23,39300.0
2179,ctg_3,sub_ctg_22,35800.0
2180,ctg_2,sub_ctg_26,58200.0
2181,ctg_3,sub_ctg_29,63000.0
2182,ctg_4,sub_ctg_35,65200.0
2183,ctg_2,sub_ctg_3,5500.0
2184,ctg_2,sub_ctg_3,11600.0
2185,ctg_3,sub_ctg_21,55900.0
2186,ctg_3,sub_ctg_24,64300.0
2187,ctg_1,sub_ctg_17,38100.0
2188,ctg_2,sub_ctg_18,27300.0
2189,ctg_1,sub_ctg_32,34300.0
2190,ctg_3,sub_ctg_4,52600.0
2191,ctg_2,sub_ctg_18,34700.0
2192,ctg_4,sub_ctg_36,29700.0
2193,ctg_2,sub_ctg_2,126500.0
2194,ctg_2,sub_ctg_18,30700.0
2195,ctg_3,sub_ctg_13,67500.0
2196,ctg_1,sub_ctg_17,33900.0
2197,ctg_2,sub_ctg_28,30500.0
2198,ctg_4,sub_ctg_36,26900.0
2199,ctg_3,sub_ctg_4,48200.0
2200,ctg_3,sub_ctg_22,36800.0
2201,ctg_3,sub_ctg_9,40600.0
2202,ctg_2,sub_ctg_8,17100.0
2203,ctg_4,sub_ctg_12,20300.0
2204,ctg_3,sub_ctg_9,44200.0
2205,ctg_4,sub_ctg_20,45500.0
2206,ctg_1,sub_ctg_37,21000.0
2207,ctg_3,sub_ctg_27,40100.0
2208,ctg_3,sub_ctg_22,46000.0
2209,ctg_1,sub_ctg_37,22300.0
2210,ctg_1,sub_ctg_17,39300.0
2211,ctg_3,sub_ctg_22,46200.0
2212,ctg_4,sub_ctg_11,113800.0
2213,ctg_3,sub_ctg_22,44800.0
2214,ctg_3,sub_ctg_24,57200.0
2215,ctg_1,sub_ctg_32,36400.0
2216,ctg_0,sub_ctg_31,389200.0
2217,ctg_1,sub_ctg_17,31600.0
2218,ctg_4,sub_ctg_11,120000.0
2219,ctg_2,sub_ctg_3,10700.0
2220,ctg_0,sub_ctg_38,804300.0
2221,ctg_3,sub_ctg_21,52600.0
2222,ctg_3,sub_ctg_13,66500.0
2223,ctg_2,sub_ctg_8,16400.0
2224,ctg_3,sub_ctg_24,64500.0
2225,ctg_1,sub_ctg_15,34600.0
2226,ctg_2,sub_ctg_28,29700.0
2227,ctg_3,sub_ctg_21,48500.0
2228,ctg_3,sub_ctg_22,38600.0
2229,ctg_3,sub_ctg_30,70400.0
2230,ctg_2,sub_ctg_2,126000.0
2231,ctg_3,sub_ctg_24,64900.0
2232,ctg_2,sub_ctg_28,31800.0
2233,ctg_3,sub_ctg_24,56300.0
2234,ctg_2,sub_ctg_2,134500.0
2235,ctg_3,sub_ctg_5,90000.0
2236,ctg_2,sub_ctg_2,127300.0
2237,ctg_2,sub_ctg_28,25400.0
2238,ctg_3,sub_ctg_24,61600.0
2239,ctg_3,sub_ctg_5,89700.0
2240,ctg_3,sub_ctg_9,41100.0
2241,ctg_3,sub_ctg_30,67300.0
2242,ctg_3,sub_ctg_23,29300.0
2243,ctg_1,sub_ctg_17,34700.0
2244,ctg_4,sub_ctg_11,112900.0
2245,ctg_3,sub_ctg_23,35300.0
2246,ctg_3,sub_ctg_30,75300.0
2247,ctg_0,sub_ctg_31,384400.0
2248,ctg_2,sub_ctg_28,33500.0
2249,ctg_2,sub_ctg_8,20600.0
2250,ctg_2,sub_ctg_8,21100.0
2251,ctg_2,sub_ctg_18,25600.0
2252,ctg_3,sub_ctg_4,54400.0
2253,ctg_4,sub_ctg_36,32700.0
2254,ctg_3,sub_ctg_21,56000.0
2255,ctg_3,sub_ctg_23,38800.0
2256,ctg_2,sub_ctg_1,25700.0
2257,ctg_1,sub_ctg_32,43400.0
2258,ctg_1,sub_ctg_15,32500.0
2259,ctg_3,sub_ctg_4,56600.0
2260,ctg_3,sub_ctg_23,38100.0
2261,ctg_3,sub_ctg_30,66600.0
2262,ctg_4,sub_ctg_16,15300.0
2263,ctg_2,sub_ctg_2,129200.0
2264,ctg_3,sub_ctg_24,61400.0
2265,ctg_0,sub_ctg_38,799300.0
2266,ctg_2,sub_ctg_3,11300.0
2267,ctg_1,sub_ctg_17,31500.0
2268,ctg_3,sub_ctg_27,33600.0
2269,ctg_2,sub_ctg_3,14800.0
2270,ctg_2,sub_ctg_8,15500.0
2271,ctg_3,sub_ctg_22,45200.0
2272,ctg_3,sub_ctg_22,44500.0
2273,ctg_3,sub_ctg_5,99900.0
2274,ctg_0,sub_ctg_38,807400.0
2275,ctg_3,sub_ctg_27,36700.0
2276,ctg_3,sub_ctg_4,49600.0
2277,ctg_2,sub_ctg_8,21900.0
2278,ctg_4,sub_ctg_7,47200.0
2279,ctg_1,sub_ctg_32,42300.0
2280,ctg_0,sub_ctg_25,323100.0
2281,ctg_4,sub_ctg_10,66600.0
2282,ctg_3,sub_ctg_5,93200.0
2283,ctg_2,sub_ctg_28,34700.0
2284,ctg_3,sub_ctg_13,67400.0
2285,ctg_2,sub_ctg_1,25900.0
2286,ctg_2,sub_ctg_8,22400.0
2287,ctg_1,sub_ctg_32,40100.0
2288,ctg_3,sub_ctg_27,37600.0
2289,ctg_0,sub_ctg_31,384100.0
2290,ctg_1,sub_ctg_15,35300.0
2291,ctg_2,sub_ctg_26,59800.0
2292,ctg_1,sub_ctg_32,33500.0
2293,ctg_3,sub_ctg_9,40200.0
2294,ctg_4,sub_ctg_36,31600.0
2295,ctg_3,sub_ctg_5,91200.0
2296,ctg_2,sub_ctg_0,27900.0
2297,ctg_2,sub_ctg_3,7800.0
2298,ctg_4,sub_ctg_11,120800.0
2299,ctg_3,sub_ctg_13,61800.0
2300,ctg_4,sub_ctg_36,32500.0
2301,ctg_3,sub_ctg_21,47500.0
2302,ctg_1,sub_ctg_32,35300.0
2303,ctg_3,sub_ctg_13,68700.0
2304,ctg_3,sub_ctg_23,35500.0
2305,ctg_0,sub_ctg_25,321900.0
2306,ctg_3,sub_ctg_27,36400.0
2307,ctg_3,sub_ctg_29,54800.0
2308,ctg_3,sub_ctg_5,95500.0
2309,ctg_3,sub_ctg_21,53800.0
2310,ctg_3,sub_ctg_30,74700.0
2311,ctg_3,sub_ctg_30,75400.0
2312,ctg_1,sub_ctg_17,36000.0
2313,ctg_0,sub_ctg_38,790300.0
2314,ctg_4,sub_ctg_36,31300.0
2315,ctg_3,sub_ctg_24,62000.0
2316,ctg_3,sub_ctg_23,37700.0
2317,ctg_3,sub_ctg_5,97600.0
2318,ctg_1,sub_ctg_32,35500.0
2319,ctg_3,sub_ctg_24,63800.0
2320,ctg_2,sub_ctg_28,35200.0
2321,ctg_2,sub_ctg_2,130400.0
2322,ctg_2,sub_ctg_18,26100.0
2323,ctg_3,sub_ctg_4,52000.0
2324,ctg_0,sub_ctg_31,380800.0
2325,ctg_3,sub_ctg_4,56000.0
2326,ctg_3,sub_ctg_21,48000.0
2327,ctg_3,sub_ctg_29,56700.0
2328,ctg_4,sub_ctg_10,62200.0
2329,ctg_2,sub_ctg_28,31100.0
2330,ctg_2,sub_ctg_8,22700.0
2331,ctg_3,sub_ctg_9,39000.0
2332,ctg_2,sub_ctg_28,32200.0
2333,ctg_3,sub_ctg_27,33900.0
2334,ctg_3,sub_ctg_23,34400.0
2335,ctg_2,sub_ctg_8,13300.0
2336,ctg_2,sub_ctg_3,14700.0
2337,ctg_2,sub_ctg_18,32000.0
2338,ctg_3,sub_ctg_29,62000.0
2339,ctg_1,sub_ctg_37,21600.0
2340,ctg_2,sub_ctg_2,134800.0
2341,ctg_3,sub_ctg_5,99700.0
2342,ctg_3,sub_ctg_13,65300.0
2343,ctg_1,sub_ctg_32,33400.0
2344,ctg_4,sub_ctg_20,43900.0
2345,ctg_3,sub_ctg_22,36200.0
2346,ctg_3,sub_ctg_29,55200.0
2347,ctg_3,sub_ctg_9,41900.0
2348,ctg_4,sub_ctg_35,62500.0
2349,ctg_2,sub_ctg_18,31100.0
2350,ctg_2,sub_ctg_18,34300.0
2351,ctg_1,sub_ctg_15,30600.0
2352,ctg_3,sub_ctg_27,34400.0
2353,ctg_3,sub_ctg_13,67200.0
2354,ctg_3,sub_ctg_22,45800.0
2355,ctg_3,sub_ctg_27,34300.0
2356,ctg_3,sub_ctg_13,62700.0
2357,ctg_3,sub_ctg_4,49100.0
2358,ctg_3,sub_ctg_27,35900.0
2359,ctg_3,sub_ctg_4,49300.0
2360,ctg_0,sub_ctg_38,789800.0
2361,ctg_0,sub_ctg_31,383600.0
2362,ctg_3,sub_ctg_9,48300.0
2363,ctg_2,sub_ctg_3,7600.0
2364,ctg_0,sub_ctg_31,381300.0
2365,ctg_3,sub_ctg_24,60000.0
2366,ctg_3,sub_ctg_4,54600.0
2367,ctg_3,sub_ctg_4,50100.0
2368,ctg_2,sub_ctg_3,15500.0
2369,ctg_4,sub_ctg_10,67400.0
2370,ctg_1,sub_ctg_15,32600.0
2371,ctg_4,sub_ctg_7,55700.0
2372,ctg_3,sub_ctg_9,42600.0
2373,ctg_1,sub_ctg_17,30600.0
2374,ctg_3,sub_ctg_21,47200.0
2375,ctg_1,sub_ctg_17,39500.0
2376,ctg_3,sub_ctg_24,63100.0
2377,ctg_2,sub_ctg_8,22000.0
2378,ctg_4,sub_ctg_20,40100.0
2379,ctg_0,sub_ctg_25,323200.0
2380,ctg_3,sub_ctg_30,69900.0
2381,ctg_3,sub_ctg_9,47900.0
2382,ctg_2,sub_ctg_2,132300.0
2383,ctg_2,sub_ctg_8,19200.0
2384,ctg_4,sub_ctg_34,16600.0
2385,ctg_3,sub_ctg_22,47500.0
2386,ctg_4,sub_ctg_20,36500.0
2387,ctg_2,sub_ctg_2,127700.0
2388,ctg_0,sub_ctg_25,329200.0
2389,ctg_2,sub_ctg_2,134100.0
2390,ctg_4,sub_ctg_7,46300.0
2391,ctg_3,sub_ctg_27,31600.0
2392,ctg_1,sub_ctg_17,33100.0
2393,ctg_1,sub_ctg_37,20500.0
2394,ctg_4,sub_ctg_12,20700.0
2395,ctg_4,sub_ctg_16,14100.0
2396,ctg_1,sub_ctg_15,33900.0
2397,ctg_0,sub_ctg_38,800500.0
2398,ctg_3,sub_ctg_21,54300.0
2399,ctg_2,sub_ctg_2,127200.0
2400,ctg_3,sub_ctg_13,63500.0
2401,ctg_3,sub_ctg_5,100200.0
2402,ctg_0,sub_ctg_25,324400.0
2403,ctg_0,sub_ctg_14,203500.0
2404,ctg_2,sub_ctg_18,28700.0
2405,ctg_1,sub_ctg_32,35100.0
2406,ctg_2,sub_ctg_3,12900.0
2407,ctg_2,sub_ctg_3,12600.0
2408,ctg_3,sub_ctg_4,49900.0
2409,ctg_3,sub_ctg_13,62400.0
2410,ctg_3,sub_ctg_29,58100.0
2411,ctg_3,sub_ctg_29,55700.0
2412,ctg_3,sub_ctg_27,38000.0
2413,ctg_2,sub_ctg_33,28500.0
2414,ctg_0,sub_ctg_31,386500.0
2415,ctg_1,sub_ctg_15,27100.0
2416,ctg_4,sub_ctg_16,14500.0
2417,ctg_3,sub_ctg_24,56900.0
2418,ctg_0,sub_ctg_38,800300.0
2419,ctg_3,sub_ctg_27,41600.0
2420,ctg_1,sub_ctg_32,37100.0
2421,ctg_2,sub_ctg_28,25900.0
2422,ctg_1,sub_ctg_32,36300.0
2423,ctg_0,sub_ctg_25,322400.0
2424,ctg_4,sub_ctg_12,20600.0
2425,ctg_4,sub_ctg_11,115400.0
2426,ctg_2,sub_ctg_8,22100.0
2427,ctg_2,sub_ctg_2,133200.0
2428,ctg_3,sub_ctg_5,95000.0
2429,ctg_3,sub_ctg_29,59600.0
2430,ctg_2,sub_ctg_8,17000.0
2431,ctg_0,sub_ctg_38,793400.0
2432,ctg_3,sub_ctg_24,57900.0
2433,ctg_0,sub_ctg_31,380400.0
2434,ctg_2,sub_ctg_3,13000.0
2435,ctg_2,sub_ctg_8,13200.0
2436,ctg_1,sub_ctg_32,35000.0
2437,ctg_3,sub_ctg_4,48500.0
2438,ctg_3,sub_ctg_22,47300.0
2439,ctg_4,sub_ctg_20,42600.0
2440,ctg_3,sub_ctg_27,40400.0
2441,ctg_1,sub_ctg_15,25900.0
2442,ctg_3,sub_ctg_13,63900.0
2443,ctg_0,sub_ctg_14,205000.0
2444,ctg_3,sub_ctg_27,33300.0
2445,ctg_0,sub_ctg_31,390000.0
2446,ctg_2,sub_ctg_1,25500.0
2447,ctg_3,sub_ctg_24,66600.0
2448,ctg_3,sub_ctg_24,64000.0
2449,ctg_2,sub_ctg_18,31900.0
2450,ctg_1,sub_ctg_17,35800.0
2451,ctg_2,sub_ctg_26,62200.0
2452,ctg_3,sub_ctg_5,93100.0
2453,ctg_2,sub_ctg_8,13700.0
2454,ctg_3,sub_ctg_22,47100.0
2455,ctg_3,sub_ctg_5,93700.0
2456,ctg_3,sub_ctg_23,29600.0
2457,ctg_4,sub_ctg_11,116900.0
2458,ctg_2,sub_ctg_3,11800.0
2459,ctg_2,sub_ctg_28,30600.0
2460,ctg_3,sub_ctg_21,49600.0
2461,ctg_2,sub_ctg_26,61900.0
2462,ctg_3,sub_ctg_9,47600.0
2463,ctg_4,sub_ctg_36,32400.0
2464,ctg_3,sub_ctg_24,66700.0
2465,ctg_3,sub_ctg_4,46700.0
2466,ctg_4,sub_ctg_34,16500.0
2467,ctg_3,sub_ctg_24,63200.0
2468,ctg_3,sub_ctg_23,29500.0
2469,ctg_0,sub_ctg_25,323400.0
2470,ctg_4,sub_ctg_12,21600.0
2471,ctg_3,sub_ctg_4,47500.0
2472,ctg_2,sub_ctg_0,26500.0
2473,ctg_0,sub_ctg_14,196800.0
2474,ctg_1,sub_ctg_37,20000.0
2475,ctg_3,sub_ctg_21,46200.0
2476,ctg_3,sub_ctg_22,44600.0
2477,ctg_1,sub_ctg_17,38300.0
2478,ctg_3,sub_ctg_23,38400.0
2479,ctg_1,sub_ctg_15,31800.0
2480,ctg_1,sub_ctg_15,29000.0
2481,ctg_4,sub_ctg_20,45100.0
2482,ctg_3,sub_ctg_24,56500.0
2483,ctg_4,sub_ctg_11,118100.0
2484,ctg_3,sub_ctg_13,60500.0
2485,ctg_2,sub_ctg_26,66500.0
2486,ctg_3,sub_ctg_4,47700.0
2487,ctg_3,sub_ctg_9,43200.0
2488,ctg_0,sub_ctg_14,202400.0
2489,ctg_4,sub_ctg_11,119400.0
2490,ctg_1,sub_ctg_37,21200.0
2491,ctg_1,sub_ctg_17,39700.0
2492,ctg_2,sub_ctg_8,17500.0
2493,ctg_3,sub_ctg_5,96100.0
2494,ctg_3,sub_ctg_27,39400.0
2495,ctg_2,sub_ctg_28,25800.0
2496,ctg_3,sub_ctg_23,37200.0
2497,ctg_3,sub_ctg_22,47200.0
2498,ctg_1,sub_ctg_32,40800.0
2499,ctg_2,sub_ctg_3,5700.0
2500,ctg_4,sub_ctg_36,29900.0
2501,ctg_2,sub_ctg_3,7100.0
2502,ctg_3,sub_ctg_13,61200.0
2503,ctg_2,sub_ctg_3,8900.0
2504,ctg_3,sub_ctg_9,39600.0
2505,ctg_3,sub_ctg_21,48400.0
2506,ctg_4,sub_ctg_11,116600.0
2507,ctg_3,sub_ctg_21,54700.0
2508,ctg_4,sub_ctg_12,21400.0
2509,ctg_2,sub_ctg_18,31300.0
2510,ctg_2,sub_ctg_18,28300.0
2511,ctg_1,sub_ctg_17,37000.0
2512,ctg_2,sub_ctg_28,26900.0
2513,ctg_0,sub_ctg_14,206700.0
2514,ctg_3,sub_ctg_22,42400.0
2515,ctg_3,sub_ctg_13,60300.0
2516,ctg_3,sub_ctg_21,57700.0
2517,ctg_3,sub_ctg_21,53200.0
2518,ctg_3,sub_ctg_9,43600.0
2519,ctg_3,sub_ctg_27,33000.0
2520,ctg_1,sub_ctg_37,20700.0
2521,ctg_3,sub_ctg_21,52500.0
2522,ctg_2,sub_ctg_18,30400.0
2523,ctg_2,sub_ctg_28,27300.0
2524,ctg_2,sub_ctg_33,35900.0
2525,ctg_3,sub_ctg_24,59100.0
2526,ctg_3,sub_ctg_4,50600.0
2527,ctg_3,sub_ctg_22,47900.0
2528,ctg_3,sub_ctg_13,64200.0
2529,ctg_1,sub_ctg_17,36400.0
2530,ctg_3,sub_ctg_4,55100.0
2531,ctg_3,sub_ctg_23,29400.0
2532,ctg_3,sub_ctg_23,29200.0
2533,ctg_3,sub_ctg_21,51700.0
2534,ctg_2,sub_ctg_8,18700.0
2535,ctg_3,sub_ctg_23,31100.0
2536,ctg_2,sub_ctg_18,29000.0
2537,ctg_2,sub_ctg_18,32800.0
2538,ctg_4,sub_ctg_11,115000.0
2539,ctg_0,sub_ctg_38,806700.0
2540,ctg_2,sub_ctg_18,28100.0
2541,ctg_3,sub_ctg_24,66900.0
2542,ctg_2,sub_ctg_26,67600.0
2543,ctg_3,sub_ctg_24,60200.0
2544,ctg_3,sub_ctg_21,46500.0
2545,ctg_0,sub_ctg_31,388600.0
2546,ctg_0,sub_ctg_31,386300.0
2547,ctg_0,sub_ctg_38,793300.0
2548,ctg_1,sub_ctg_17,38800.0
2549,ctg_3,sub_ctg_24,56600.0
2550,ctg_2,sub_ctg_28,29900.0
2551,ctg_3,sub_ctg_30,75900.0
2552,ctg_2,sub_ctg_28,35900.0
2553,ctg_2,sub_ctg_18,33600.0
2554,ctg_1,sub_ctg_15,33700.0
2555,ctg_2,sub_ctg_18,34600.0
2556,ctg_2,sub_ctg_2,125300.0
2557,ctg_2,sub_ctg_28,35000.0
2558,ctg_3,sub_ctg_22,42700.0
2559,ctg_0,sub_ctg_25,330000.0
2560,ctg_2,sub_ctg_28,29200.0
2561,ctg_2,sub_ctg_2,128300.0
2562,ctg_3,sub_ctg_5,96700.0
2563,ctg_2,sub_ctg_8,19900.0
2564,ctg_2,sub_ctg_33,30000.0
2565,ctg_0,sub_ctg_25,322900.0
2566,ctg_2,sub_ctg_8,17700.0
2567,ctg_3,sub_ctg_21,48200.0
2568,ctg_0,sub_ctg_38,790400.0
2569,ctg_1,sub_ctg_15,28800.0
2570,ctg_3,sub_ctg_4,46900.0
2571,ctg_2,sub_ctg_18,26500.0
2572,ctg_2,sub_ctg_18,29400.0
2573,ctg_4,sub_ctg_35,63900.0
2574,ctg_4,sub_ctg_11,114000.0
2575,ctg_2,sub_ctg_33,27600.0
2576,ctg_2,sub_ctg_28,34000.0
2577,ctg_3,sub_ctg_30,75100.0
2578,ctg_0,sub_ctg_31,380600.0
2579,ctg_3,sub_ctg_30,74100.0
2580,ctg_4,sub_ctg_7,56100.0
2581,ctg_3,sub_ctg_24,60900.0
2582,ctg_4,sub_ctg_11,114900.0
2583,ctg_3,sub_ctg_30,65700.0
2584,ctg_0,sub_ctg_31,382900.0
2585,ctg_3,sub_ctg_30,68000.0
2586,ctg_3,sub_ctg_23,32300.0
2587,ctg_1,sub_ctg_17,38000.0
2588,ctg_0,sub_ctg_38,801400.0
2589,ctg_3,sub_ctg_27,37400.0
2590,ctg_3,sub_ctg_22,47700.0
2591,ctg_3,sub_ctg_9,46300.0
2592,ctg_3,sub_ctg_24,58600.0
2593,ctg_3,sub_ctg_4,52800.0
2594,ctg_3,sub_ctg_23,32400.0
2595,ctg_2,sub_ctg_28,31600.0
2596,ctg_3,sub_ctg_24,67200.0
2597,ctg_3,sub_ctg_4,54000.0
2598,ctg_3,sub_ctg_13,59800.0
2599,ctg_3,sub_ctg_24,65000.0
2600,ctg_0,sub_ctg_31,381600.0
2601,ctg_4,sub_ctg_36,30900.0
2602,ctg_3,sub_ctg_22,44200.0
2603,ctg_3,sub_ctg_30,74500.0
2604,ctg_0,sub_ctg_25,328200.0
2605,ctg_4,sub_ctg_11,112100.0
2606,ctg_3,sub_ctg_13,59500.0
2607,ctg_3,sub_ctg_9,44900.0
2608,ctg_3,sub_ctg_24,60800.0
2609,ctg_0,sub_ctg_31,387000.0
2610,ctg_2,sub_ctg_3,15600.0
2611,ctg_3,sub_ctg_24,66300.0
2612,ctg_3,sub_ctg_27,35000.0
2613,ctg_3,sub_ctg_21,51300.0
2614,ctg_0,sub_ctg_25,325000.0
2615,ctg_3,sub_ctg_23,33200.0
2616,ctg_3,sub_ctg_9,40800.0
2617,ctg_0,sub_ctg_31,388800.0
2618,ctg_0,sub_ctg_25,331400.0
2619,ctg_2,sub_ctg_8,20500.0
2620,ctg_3,sub_ctg_24,63400.0
2621,ctg_3,sub_ctg_21,49400.0
2622,ctg_2,sub_ctg_33,31700.0
2623,ctg_0,sub_ctg_25,328900.0
2624,ctg_3,sub_ctg_22,40800.0
2625,ctg_2,sub_ctg_28,35300.0
2626,ctg_3,sub_ctg_24,62900.0
2627,ctg_3,sub_ctg_5,92400.0
2628,ctg_2,sub_ctg_2,134700.0
2629,ctg_4,sub_ctg_11,115300.0
2630,ctg_2,sub_ctg_0,26900.0
2631,ctg_0,sub_ctg_38,803300.0
